{
  "yellow": {
    "samples_train_valid": 300000,
    "samples_test": 60000,
    "tip_rate_test": 0.9121833333333333,
    "roc_auc": 0.8165214051149091,
    "precision_at_0_5": 0.9533498240602027,
    "recall_at_0_5": 0.9999451864574007,
    "f1_at_0_5": 0.9760917449191614,
    "rmse_log_tip": 0.32778947703399924,
    "mae_log_tip": 0.2297266587385742
  },
  "green": {
    "samples_train_valid": 120000,
    "samples_test": 24000,
    "tip_rate_test": 0.9170833333333334,
    "roc_auc": 0.7308087461386898,
    "precision_at_0_5": 0.9188624006691761,
    "recall_at_0_5": 0.9981826442526125,
    "f1_at_0_5": 0.9568815331010453,
    "rmse_log_tip": 0.35053962742165423,
    "mae_log_tip": 0.23607391050881787
  }
}