taxi_type,pickup_datetime,dropoff_datetime,pickup_year,pickup_month,pickup_year_month,pickup_day,pickup_hour,pickup_weekday,is_weekend,daypart,time_split,trip_duration_minutes,trip_distance,fare_amount,extra,mta_tax,tolls_amount,improvement_surcharge,congestion_surcharge,airport_fee,cbd_congestion_fee,total_amount,VendorID,vendor_id,passenger_count,passenger_bucket,RatecodeID,ratecode,store_and_fwd_flag,payment_type,trip_type,ehail_fee,PULocationID,DOLocationID,pickup_borough,pickup_zone,pickup_service_zone,dropoff_borough,dropoff_zone,dropoff_service_zone,tip_amount,tip_given,log_tip_amount,source_file,source_url,month_split
yellow,2025-08-02 08:41:26,2025-08-02 09:17:16,2025,8,2025-08,2,8,5,1,morning,test,35.833333333333336,8.0,29.5,0.0,0.5,0.0,0.0,0.0,0.0,0.0,30.0,1,1,1,1,99,99,N,1,,,254,213,Bronx,Williamsbridge/Olinville,Boro Zone,Bronx,Soundview/Castle Hill,Boro Zone,0.0,0,0.0,yellow_tripdata_2025-08.parquet,https://d37ci6vzurychx.cloudfront.net/trip-data/yellow_tripdata_2025-08.parquet,train
yellow,2025-02-13 18:47:01,2025-02-13 18:55:22,2025,2,2025-02,13,18,3,0,evening,test,8.35,0.83,9.3,2.5,0.5,0.0,1.0,2.5,0.0,0.75,19.86,2,2,1,1,1,1,N,1,,,68,90,Manhattan,East Chelsea,Yellow Zone,Manhattan,Flatiron,Yellow Zone,3.31,1,1.4609379041156565,yellow_tripdata_2025-02.parquet,https://d37ci6vzurychx.cloudfront.net/trip-data/yellow_tripdata_2025-02.parquet,train
yellow,2025-08-08 07:29:49,2025-08-08 07:40:04,2025,8,2025-08,8,7,4,0,morning,test,10.25,1.05,10.0,0.0,0.5,0.0,1.0,2.5,0.0,0.75,17.7,2,2,1,1,1,1,N,1,,,100,162,Manhattan,Garment District,Yellow Zone,Manhattan,Midtown East,Yellow Zone,2.95,1,1.3737155789130306,yellow_tripdata_2025-08.parquet,https://d37ci6vzurychx.cloudfront.net/trip-data/yellow_tripdata_2025-08.parquet,train
yellow,2024-04-25 22:02:10,2024-04-25 22:10:54,2024,4,2024-04,25,22,3,0,night,train,8.733333333333333,1.08,9.3,1.0,0.5,0.0,1.0,2.5,0.0,,15.3,2,2,1,1,1,1,N,1,,,137,186,Manhattan,Kips Bay,Yellow Zone,Manhattan,Penn Station/Madison Sq West,Yellow Zone,1.0,1,0.6931471805599453,yellow_tripdata_2024-04.parquet,https://d37ci6vzurychx.cloudfront.net/trip-data/yellow_tripdata_2024-04.parquet,train
yellow,2024-05-18 12:56:57,2024-05-18 13:06:09,2024,5,2024-05,18,12,5,1,midday,train,9.2,1.7,11.4,2.5,0.5,0.0,1.0,2.5,0.0,,18.45,1,1,2,2,1,1,N,1,,,239,236,Manhattan,Upper West Side South,Yellow Zone,Manhattan,Upper East Side North,Yellow Zone,3.05,1,1.3987168811184478,yellow_tripdata_2024-05.parquet,https://d37ci6vzurychx.cloudfront.net/trip-data/yellow_tripdata_2024-05.parquet,train
yellow,2024-03-12 18:18:40,2024-03-12 18:36:12,2024,3,2024-03,12,18,1,0,evening,train,17.533333333333335,0.9,14.9,2.5,0.5,0.0,1.0,2.5,0.0,,25.68,2,2,2,2,1,1,N,1,,,162,230,Manhattan,Midtown East,Yellow Zone,Manhattan,Times Sq/Theatre District,Yellow Zone,4.28,1,1.6639260977181702,yellow_tripdata_2024-03.parquet,https://d37ci6vzurychx.cloudfront.net/trip-data/yellow_tripdata_2024-03.parquet,train
yellow,2024-08-17 10:44:08,2024-08-17 10:52:34,2024,8,2024-08,17,10,5,1,morning,train,8.433333333333334,1.2,7.9,2.5,0.5,0.0,1.0,2.5,0.0,,14.9,1,1,1,1,1,1,N,1,,,262,237,Manhattan,Yorkville East,Yellow Zone,Manhattan,Upper East Side South,Yellow Zone,3.0,1,1.3862943611198906,yellow_tripdata_2024-08.parquet,https://d37ci6vzurychx.cloudfront.net/trip-data/yellow_tripdata_2024-08.parquet,train
yellow,2025-07-02 19:24:00,2025-07-02 19:29:15,2025,7,2025-07,2,19,2,0,evening,test,5.25,0.91,24.0,0.0,0.0,0.0,1.0,0.0,0.0,0.0,30.0,2,2,2,2,5,5,N,1,,,132,10,Queens,JFK Airport,Airports,Queens,Baisley Park,Boro Zone,5.0,1,1.791759469228055,yellow_tripdata_2025-07.parquet,https://d37ci6vzurychx.cloudfront.net/trip-data/yellow_tripdata_2025-07.parquet,train
yellow,2024-08-03 12:38:58,2024-08-03 13:02:46,2024,8,2024-08,3,12,5,1,midday,train,23.8,4.48,26.1,0.0,0.5,0.0,1.0,2.5,0.0,,33.1,2,2,2,2,1,1,N,1,,,236,246,Manhattan,Upper East Side North,Yellow Zone,Manhattan,West Chelsea/Hudson Yards,Yellow Zone,3.0,1,1.3862943611198906,yellow_tripdata_2024-08.parquet,https://d37ci6vzurychx.cloudfront.net/trip-data/yellow_tripdata_2024-08.parquet,train
yellow,2024-04-09 20:27:23,2024-04-09 20:42:23,2024,4,2024-04,9,20,1,0,evening,train,15.0,2.5,16.3,1.0,0.5,0.0,1.0,2.5,0.0,,23.3,2,2,3,3,1,1,N,1,,,48,238,Manhattan,Clinton East,Yellow Zone,Manhattan,Upper West Side North,Yellow Zone,2.0,1,1.0986122886681098,yellow_tripdata_2024-04.parquet,https://d37ci6vzurychx.cloudfront.net/trip-data/yellow_tripdata_2024-04.parquet,train
yellow,2025-01-04 12:43:16,2025-01-04 12:48:53,2025,1,2025-01,4,12,5,1,midday,test,5.616666666666666,1.38,7.9,0.0,0.5,0.0,1.0,2.5,0.0,0.0,12.9,2,2,1,1,1,1,N,1,,,90,211,Manhattan,Flatiron,Yellow Zone,Manhattan,SoHo,Yellow Zone,1.0,1,0.6931471805599453,yellow_tripdata_2025-01.parquet,https://d37ci6vzurychx.cloudfront.net/trip-data/yellow_tripdata_2025-01.parquet,train
yellow,2024-11-20 19:56:49,2024-11-20 20:38:30,2024,11,2024-11,20,19,2,0,evening,valid,41.68333333333333,12.26,54.1,7.5,0.5,0.0,1.0,0.0,1.75,,70.85,2,2,1,1,1,1,N,1,,,138,181,Queens,LaGuardia Airport,Airports,Brooklyn,Park Slope,Boro Zone,6.0,1,1.9459101490553132,yellow_tripdata_2024-11.parquet,https://d37ci6vzurychx.cloudfront.net/trip-data/yellow_tripdata_2024-11.parquet,test
yellow,2024-10-24 17:35:40,2024-10-24 17:52:32,2024,10,2024-10,24,17,3,0,evening,valid,16.866666666666667,2.04,17.0,2.5,0.5,0.0,1.0,2.5,0.0,,28.2,2,2,1,1,1,1,N,1,,,161,236,Manhattan,Midtown Center,Yellow Zone,Manhattan,Upper East Side North,Yellow Zone,4.7,1,1.7404661748405046,yellow_tripdata_2024-10.parquet,https://d37ci6vzurychx.cloudfront.net/trip-data/yellow_tripdata_2024-10.parquet,valid
yellow,2024-03-29 12:10:18,2024-03-29 13:05:42,2024,3,2024-03,29,12,4,0,midday,train,55.4,18.54,70.0,0.0,0.5,6.94,1.0,2.5,1.75,,98.88,2,2,2,2,2,2,N,1,,,132,79,Queens,JFK Airport,Airports,Manhattan,East Village,Yellow Zone,16.19,1,2.844327819394758,yellow_tripdata_2024-03.parquet,https://d37ci6vzurychx.cloudfront.net/trip-data/yellow_tripdata_2024-03.parquet,train
yellow,2025-11-25 22:47:10,2025-11-25 23:00:04,2025,11,2025-11,25,22,1,0,night,test,12.9,1.48,12.1,1.0,0.5,0.0,1.0,2.5,0.0,0.75,17.85,2,2,1,1,1,1,N,1,,,249,231,Manhattan,West Village,Yellow Zone,Manhattan,TriBeCa/Civic Center,Yellow Zone,0.0,0,0.0,yellow_tripdata_2025-11.parquet,https://d37ci6vzurychx.cloudfront.net/trip-data/yellow_tripdata_2025-11.parquet,test
yellow,2024-12-15 10:50:39,2024-12-15 11:05:23,2024,12,2024-12,15,10,6,1,morning,valid,14.733333333333333,3.26,19.1,0.0,0.5,0.0,1.0,2.5,0.0,,27.72,2,2,1,1,1,1,N,1,,,68,231,Manhattan,East Chelsea,Yellow Zone,Manhattan,TriBeCa/Civic Center,Yellow Zone,4.62,1,1.7263316639055997,yellow_tripdata_2024-12.parquet,https://d37ci6vzurychx.cloudfront.net/trip-data/yellow_tripdata_2024-12.parquet,test
yellow,2025-03-31 17:48:26,2025-03-31 18:29:48,2025,3,2025-03,31,17,0,0,evening,test,41.36666666666667,16.58,70.0,5.0,0.5,6.94,1.0,2.5,1.75,0.75,110.11,2,2,1,1,2,2,N,1,,,132,233,Queens,JFK Airport,Airports,Manhattan,UN/Turtle Bay South,Yellow Zone,21.67,1,3.1210424645194377,yellow_tripdata_2025-03.parquet,https://d37ci6vzurychx.cloudfront.net/trip-data/yellow_tripdata_2025-03.parquet,train
yellow,2024-11-12 19:48:23,2024-11-12 19:53:31,2024,11,2024-11,12,19,1,0,evening,valid,5.133333333333334,0.79,7.2,2.5,0.5,0.0,1.0,2.5,0.0,,15.07,2,2,2,2,1,1,N,1,,,211,114,Manhattan,SoHo,Yellow Zone,Manhattan,Greenwich Village South,Yellow Zone,1.37,1,0.8628899551470398,yellow_tripdata_2024-11.parquet,https://d37ci6vzurychx.cloudfront.net/trip-data/yellow_tripdata_2024-11.parquet,test
yellow,2024-12-05 18:56:21,2024-12-05 19:01:31,2024,12,2024-12,5,18,3,0,evening,valid,5.166666666666667,1.14,7.9,2.5,0.5,0.0,1.0,2.5,0.0,,15.84,2,2,1,1,1,1,N,1,,,237,236,Manhattan,Upper East Side South,Yellow Zone,Manhattan,Upper East Side North,Yellow Zone,1.44,1,0.8919980393051105,yellow_tripdata_2024-12.parquet,https://d37ci6vzurychx.cloudfront.net/trip-data/yellow_tripdata_2024-12.parquet,test
yellow,2024-02-22 22:49:30,2024-02-22 23:17:28,2024,2,2024-02,22,22,3,0,night,train,27.966666666666665,5.09,28.9,1.0,0.5,0.0,1.0,2.5,0.0,,35.9,2,2,1,1,1,1,N,1,,,164,7,Manhattan,Midtown South,Yellow Zone,Queens,Astoria,Boro Zone,2.0,1,1.0986122886681098,yellow_tripdata_2024-02.parquet,https://d37ci6vzurychx.cloudfront.net/trip-data/yellow_tripdata_2024-02.parquet,train
yellow,2025-02-03 09:03:05,2025-02-03 09:10:11,2025,2,2025-02,3,9,0,0,morning,test,7.1,0.96,8.6,0.0,0.5,0.0,1.0,2.5,0.0,0.0,16.38,2,2,1,1,1,1,N,1,,,236,237,Manhattan,Upper East Side North,Yellow Zone,Manhattan,Upper East Side South,Yellow Zone,3.78,1,1.5644405465033644,yellow_tripdata_2025-02.parquet,https://d37ci6vzurychx.cloudfront.net/trip-data/yellow_tripdata_2025-02.parquet,train
yellow,2024-03-03 02:04:04,2024-03-03 02:19:25,2024,3,2024-03,3,2,6,1,night,train,15.35,4.37,20.5,1.0,0.5,0.0,1.0,2.5,0.0,,30.6,2,2,2,2,1,1,N,1,,,234,145,Manhattan,Union Sq,Yellow Zone,Queens,Long Island City/Hunters Point,Boro Zone,5.1,1,1.8082887711792655,yellow_tripdata_2024-03.parquet,https://d37ci6vzurychx.cloudfront.net/trip-data/yellow_tripdata_2024-03.parquet,train
yellow,2024-03-17 15:26:04,2024-03-17 15:58:53,2024,3,2024-03,17,15,6,1,midday,train,32.81666666666667,10.41,45.0,5.0,0.5,6.94,1.0,2.5,1.75,,72.69,2,2,1,1,1,1,N,1,,,138,90,Queens,LaGuardia Airport,Airports,Manhattan,Flatiron,Yellow Zone,10.0,1,2.3978952727983707,yellow_tripdata_2024-03.parquet,https://d37ci6vzurychx.cloudfront.net/trip-data/yellow_tripdata_2024-03.parquet,train
yellow,2024-04-12 07:41:04,2024-04-12 08:01:27,2024,4,2024-04,12,7,4,0,morning,train,20.383333333333333,3.0,20.5,0.0,0.5,0.0,1.0,2.5,0.0,,29.4,2,2,1,1,1,1,N,1,,,170,142,Manhattan,Murray Hill,Yellow Zone,Manhattan,Lincoln Square East,Yellow Zone,4.9,1,1.7749523509116738,yellow_tripdata_2024-04.parquet,https://d37ci6vzurychx.cloudfront.net/trip-data/yellow_tripdata_2024-04.parquet,train
yellow,2024-08-16 16:26:26,2024-08-16 16:46:44,2024,8,2024-08,16,16,4,0,evening,train,20.3,1.78,18.4,2.5,0.5,0.0,1.0,2.5,0.0,,24.9,2,2,2,2,1,1,N,1,,,113,68,Manhattan,Greenwich Village North,Yellow Zone,Manhattan,East Chelsea,Yellow Zone,0.0,0,0.0,yellow_tripdata_2024-08.parquet,https://d37ci6vzurychx.cloudfront.net/trip-data/yellow_tripdata_2024-08.parquet,train
yellow,2025-06-17 15:51:21,2025-06-17 16:21:25,2025,6,2025-06,17,15,1,0,midday,test,30.066666666666666,3.4,21.5,0.0,0.5,0.0,0.0,0.0,0.0,0.0,22.0,1,1,1,1,99,99,N,1,,,130,218,Queens,Jamaica,Boro Zone,Queens,Springfield Gardens North,Boro Zone,0.0,0,0.0,yellow_tripdata_2025-06.parquet,https://d37ci6vzurychx.cloudfront.net/trip-data/yellow_tripdata_2025-06.parquet,train
yellow,2024-07-10 11:02:44,2024-07-10 11:09:06,2024,7,2024-07,10,11,2,0,midday,train,6.366666666666666,0.61,7.9,0.0,0.5,0.0,1.0,2.5,0.0,,12.9,2,2,1,1,1,1,N,1,,,237,236,Manhattan,Upper East Side South,Yellow Zone,Manhattan,Upper East Side North,Yellow Zone,1.0,1,0.6931471805599453,yellow_tripdata_2024-07.parquet,https://d37ci6vzurychx.cloudfront.net/trip-data/yellow_tripdata_2024-07.parquet,train
yellow,2025-04-11 00:05:40,2025-04-11 00:28:17,2025,4,2025-04,11,0,4,0,night,test,22.616666666666667,14.74,56.2,6.0,0.5,0.0,1.0,0.0,1.75,0.0,78.54,2,2,1,1,1,1,N,1,,,138,181,Queens,LaGuardia Airport,Airports,Brooklyn,Park Slope,Boro Zone,13.09,1,2.645465325910589,yellow_tripdata_2025-04.parquet,https://d37ci6vzurychx.cloudfront.net/trip-data/yellow_tripdata_2025-04.parquet,train
yellow,2024-05-19 02:29:25,2024-05-19 02:37:26,2024,5,2024-05,19,2,6,1,night,train,8.016666666666667,1.46,10.0,1.0,0.5,0.0,1.0,2.5,0.0,,18.0,2,2,2,2,1,1,N,1,,,114,107,Manhattan,Greenwich Village South,Yellow Zone,Manhattan,Gramercy,Yellow Zone,3.0,1,1.3862943611198906,yellow_tripdata_2024-05.parquet,https://d37ci6vzurychx.cloudfront.net/trip-data/yellow_tripdata_2024-05.parquet,train
yellow,2024-03-23 18:48:11,2024-03-23 18:53:42,2024,3,2024-03,23,18,5,1,evening,train,5.516666666666667,0.7,7.2,0.0,0.5,0.0,1.0,2.5,0.0,,14.0,2,2,2,2,1,1,N,1,,,163,142,Manhattan,Midtown North,Yellow Zone,Manhattan,Lincoln Square East,Yellow Zone,2.8,1,1.33500106673234,yellow_tripdata_2024-03.parquet,https://d37ci6vzurychx.cloudfront.net/trip-data/yellow_tripdata_2024-03.parquet,train
yellow,2025-12-03 18:21:35,2025-12-03 18:31:21,2025,12,2025-12,3,18,2,0,evening,test,9.766666666666667,0.7,9.3,5.75,0.5,0.0,1.0,2.5,0.0,0.75,19.85,1,1,1,1,1,1,N,1,,,233,162,Manhattan,UN/Turtle Bay South,Yellow Zone,Manhattan,Midtown East,Yellow Zone,3.3,1,1.4586150226995167,yellow_tripdata_2025-12.parquet,https://d37ci6vzurychx.cloudfront.net/trip-data/yellow_tripdata_2025-12.parquet,test
yellow,2024-07-16 21:35:50,2024-07-16 21:48:48,2024,7,2024-07,16,21,1,0,night,train,12.966666666666667,2.12,14.2,1.0,0.5,0.0,1.0,0.0,0.0,,20.04,2,2,1,1,1,1,N,1,,,97,181,Brooklyn,Fort Greene,Boro Zone,Brooklyn,Park Slope,Boro Zone,3.34,1,1.4678743481123135,yellow_tripdata_2024-07.parquet,https://d37ci6vzurychx.cloudfront.net/trip-data/yellow_tripdata_2024-07.parquet,train
yellow,2025-05-13 17:23:18,2025-05-13 17:33:05,2025,5,2025-05,13,17,1,0,evening,test,9.783333333333333,1.22,10.7,2.5,0.5,0.0,1.0,2.5,0.0,0.0,19.78,2,2,2,2,1,1,N,1,,,263,140,Manhattan,Yorkville West,Yellow Zone,Manhattan,Lenox Hill East,Yellow Zone,2.58,1,1.275362800412609,yellow_tripdata_2025-05.parquet,https://d37ci6vzurychx.cloudfront.net/trip-data/yellow_tripdata_2025-05.parquet,train
yellow,2025-04-30 22:39:01,2025-04-30 22:44:24,2025,4,2025-04,30,22,2,0,night,test,5.383333333333334,1.5,8.6,1.0,0.5,0.0,1.0,2.5,0.0,0.75,17.22,2,2,1,1,1,1,N,1,,,162,140,Manhattan,Midtown East,Yellow Zone,Manhattan,Lenox Hill East,Yellow Zone,2.87,1,1.3532545070416904,yellow_tripdata_2025-04.parquet,https://d37ci6vzurychx.cloudfront.net/trip-data/yellow_tripdata_2025-04.parquet,train
yellow,2024-05-15 20:25:29,2024-05-15 21:01:48,2024,5,2024-05,15,20,2,0,evening,train,36.31666666666667,9.81,46.4,6.0,0.5,6.94,1.0,2.5,1.75,,85.09,2,2,1,1,1,1,N,1,,,138,239,Queens,LaGuardia Airport,Airports,Manhattan,Upper West Side South,Yellow Zone,20.0,1,3.044522437723423,yellow_tripdata_2024-05.parquet,https://d37ci6vzurychx.cloudfront.net/trip-data/yellow_tripdata_2024-05.parquet,train
yellow,2024-09-03 10:58:50,2024-09-03 11:04:55,2024,9,2024-09,3,10,1,0,morning,train,6.083333333333333,1.21,8.6,0.0,0.5,0.0,1.0,2.5,0.0,,15.12,2,2,1,1,1,1,N,1,,,164,90,Manhattan,Midtown South,Yellow Zone,Manhattan,Flatiron,Yellow Zone,2.52,1,1.2584609896100056,yellow_tripdata_2024-09.parquet,https://d37ci6vzurychx.cloudfront.net/trip-data/yellow_tripdata_2024-09.parquet,train
yellow,2024-08-19 22:54:27,2024-08-19 22:58:43,2024,8,2024-08,19,22,0,0,night,train,4.266666666666667,0.4,5.8,3.5,0.5,0.0,1.0,2.5,0.0,,13.5,1,1,1,1,1,1,N,1,,,162,233,Manhattan,Midtown East,Yellow Zone,Manhattan,UN/Turtle Bay South,Yellow Zone,2.7,1,1.308332819650179,yellow_tripdata_2024-08.parquet,https://d37ci6vzurychx.cloudfront.net/trip-data/yellow_tripdata_2024-08.parquet,train
yellow,2024-02-04 01:02:04,2024-02-04 01:10:13,2024,2,2024-02,4,1,6,1,night,train,8.15,1.1,7.9,3.5,0.5,0.0,1.0,2.5,0.0,,15.5,1,1,1,1,1,1,N,1,,,249,164,Manhattan,West Village,Yellow Zone,Manhattan,Midtown South,Yellow Zone,2.6,1,1.2809338454620642,yellow_tripdata_2024-02.parquet,https://d37ci6vzurychx.cloudfront.net/trip-data/yellow_tripdata_2024-02.parquet,train
yellow,2025-11-08 18:37:57,2025-11-08 19:01:51,2025,11,2025-11,8,18,5,1,evening,test,23.9,1.43,19.8,0.0,0.5,0.0,1.0,2.5,0.0,0.75,29.46,2,2,1,1,1,1,N,1,,,161,234,Manhattan,Midtown Center,Yellow Zone,Manhattan,Union Sq,Yellow Zone,4.91,1,1.776645831418007,yellow_tripdata_2025-11.parquet,https://d37ci6vzurychx.cloudfront.net/trip-data/yellow_tripdata_2025-11.parquet,test
yellow,2025-06-21 19:35:41,2025-06-21 19:51:08,2025,6,2025-06,21,19,5,1,evening,test,15.45,1.75,14.9,0.0,0.5,0.0,1.0,2.5,0.0,0.75,23.58,2,2,1,1,1,1,N,1,,,107,158,Manhattan,Gramercy,Yellow Zone,Manhattan,Meatpacking/West Village West,Yellow Zone,3.93,1,1.5953389880545987,yellow_tripdata_2025-06.parquet,https://d37ci6vzurychx.cloudfront.net/trip-data/yellow_tripdata_2025-06.parquet,train
yellow,2025-06-10 17:56:16,2025-06-10 18:01:36,2025,6,2025-06,10,17,1,0,evening,test,5.333333333333333,0.72,7.2,2.5,0.5,0.0,1.0,2.5,0.0,0.75,14.45,2,2,1,1,1,1,N,1,,,229,141,Manhattan,Sutton Place/Turtle Bay North,Yellow Zone,Manhattan,Lenox Hill West,Yellow Zone,0.0,0,0.0,yellow_tripdata_2025-06.parquet,https://d37ci6vzurychx.cloudfront.net/trip-data/yellow_tripdata_2025-06.parquet,train
yellow,2025-04-07 07:39:01,2025-04-07 07:46:05,2025,4,2025-04,7,7,0,0,morning,test,7.066666666666666,1.51,10.0,0.0,0.5,0.0,1.0,2.5,0.0,0.75,17.7,2,2,1,1,1,1,N,1,,,161,107,Manhattan,Midtown Center,Yellow Zone,Manhattan,Gramercy,Yellow Zone,2.95,1,1.3737155789130306,yellow_tripdata_2025-04.parquet,https://d37ci6vzurychx.cloudfront.net/trip-data/yellow_tripdata_2025-04.parquet,train
yellow,2025-01-18 15:00:03,2025-01-18 15:14:08,2025,1,2025-01,18,15,5,1,midday,test,14.083333333333334,1.0,12.1,3.25,0.5,0.0,1.0,2.5,0.0,0.75,20.2,1,1,1,1,1,1,N,1,,,107,164,Manhattan,Gramercy,Yellow Zone,Manhattan,Midtown South,Yellow Zone,3.35,1,1.4701758451005926,yellow_tripdata_2025-01.parquet,https://d37ci6vzurychx.cloudfront.net/trip-data/yellow_tripdata_2025-01.parquet,train
yellow,2025-01-28 21:53:42,2025-01-28 22:05:51,2025,1,2025-01,28,21,1,0,night,test,12.15,2.77,14.9,1.0,0.5,0.0,1.0,2.5,0.0,0.0,23.88,2,2,1,1,1,1,N,1,,,263,41,Manhattan,Yorkville West,Yellow Zone,Manhattan,Central Harlem,Boro Zone,3.98,1,1.6054298910365616,yellow_tripdata_2025-01.parquet,https://d37ci6vzurychx.cloudfront.net/trip-data/yellow_tripdata_2025-01.parquet,train
yellow,2024-04-05 23:34:26,2024-04-05 23:44:32,2024,4,2024-04,5,23,4,0,night,train,10.1,1.56,10.7,1.0,0.5,0.0,1.0,2.5,0.0,,18.84,2,2,3,3,1,1,N,1,,,90,48,Manhattan,Flatiron,Yellow Zone,Manhattan,Clinton East,Yellow Zone,3.14,1,1.420695787837223,yellow_tripdata_2024-04.parquet,https://d37ci6vzurychx.cloudfront.net/trip-data/yellow_tripdata_2024-04.parquet,train
yellow,2024-04-07 11:17:16,2024-04-07 11:34:15,2024,4,2024-04,7,11,6,1,midday,train,16.983333333333334,3.17,19.1,0.0,0.5,0.0,1.0,2.5,0.0,,27.72,2,2,1,1,1,1,N,1,,,142,262,Manhattan,Lincoln Square East,Yellow Zone,Manhattan,Yorkville East,Yellow Zone,4.62,1,1.7263316639055997,yellow_tripdata_2024-04.parquet,https://d37ci6vzurychx.cloudfront.net/trip-data/yellow_tripdata_2024-04.parquet,train
yellow,2024-09-02 17:30:05,2024-09-02 17:41:19,2024,9,2024-09,2,17,0,0,evening,train,11.233333333333333,1.68,12.1,0.0,0.5,0.0,1.0,2.5,0.0,,19.32,2,2,1,1,1,1,N,1,,,211,158,Manhattan,SoHo,Yellow Zone,Manhattan,Meatpacking/West Village West,Yellow Zone,3.22,1,1.4398351280479207,yellow_tripdata_2024-09.parquet,https://d37ci6vzurychx.cloudfront.net/trip-data/yellow_tripdata_2024-09.parquet,train
yellow,2024-03-10 12:09:00,2024-03-10 12:33:25,2024,3,2024-03,10,12,6,1,midday,train,24.416666666666668,5.9,26.1,2.5,0.5,0.0,1.0,2.5,0.0,,37.65,1,1,1,1,1,1,N,1,,,65,140,Brooklyn,Downtown Brooklyn/MetroTech,Boro Zone,Manhattan,Lenox Hill East,Yellow Zone,7.55,1,2.145931282948669,yellow_tripdata_2024-03.parquet,https://d37ci6vzurychx.cloudfront.net/trip-data/yellow_tripdata_2024-03.parquet,train
yellow,2025-02-07 14:31:33,2025-02-07 14:47:21,2025,2,2025-02,7,14,4,0,midday,test,15.8,1.66,12.8,0.0,0.5,0.0,1.0,2.5,0.0,0.0,18.3,2,2,3,3,1,1,N,1,,,239,264,Manhattan,Upper West Side South,Yellow Zone,Unknown,Unknown,Unknown,1.5,1,0.9162907318741551,yellow_tripdata_2025-02.parquet,https://d37ci6vzurychx.cloudfront.net/trip-data/yellow_tripdata_2025-02.parquet,train
yellow,2025-07-30 20:04:23,2025-07-30 20:21:18,2025,7,2025-07,30,20,2,0,evening,test,16.916666666666668,4.86,24.0,2.5,0.5,0.0,1.0,2.5,0.0,0.75,39.06,2,2,1,1,1,1,N,1,,,50,262,Manhattan,Clinton West,Yellow Zone,Manhattan,Yorkville East,Yellow Zone,7.81,1,2.175887439948088,yellow_tripdata_2025-07.parquet,https://d37ci6vzurychx.cloudfront.net/trip-data/yellow_tripdata_2025-07.parquet,train
yellow,2025-02-07 15:47:31,2025-02-07 15:56:12,2025,2,2025-02,7,15,4,0,midday,test,8.683333333333334,0.8,9.3,0.0,0.5,0.0,1.0,2.5,0.0,0.75,16.86,2,2,1,1,1,1,N,1,,,161,163,Manhattan,Midtown Center,Yellow Zone,Manhattan,Midtown North,Yellow Zone,2.81,1,1.3376291891386096,yellow_tripdata_2025-02.parquet,https://d37ci6vzurychx.cloudfront.net/trip-data/yellow_tripdata_2025-02.parquet,train
yellow,2025-08-25 07:25:52,2025-08-25 07:29:54,2025,8,2025-08,25,7,0,0,morning,test,4.033333333333333,0.73,6.5,0.0,0.5,0.0,1.0,2.5,0.0,0.0,12.6,2,2,1,1,1,1,N,1,,,143,238,Manhattan,Lincoln Square West,Yellow Zone,Manhattan,Upper West Side North,Yellow Zone,2.1,1,1.1314021114911006,yellow_tripdata_2025-08.parquet,https://d37ci6vzurychx.cloudfront.net/trip-data/yellow_tripdata_2025-08.parquet,train
yellow,2025-09-25 21:56:25,2025-09-25 22:08:46,2025,9,2025-09,25,21,3,0,night,test,12.35,0.79,11.4,1.0,0.5,0.0,1.0,2.5,0.0,0.75,17.15,2,2,2,2,1,1,N,1,,,43,161,Manhattan,Central Park,Yellow Zone,Manhattan,Midtown Center,Yellow Zone,0.0,0,0.0,yellow_tripdata_2025-09.parquet,https://d37ci6vzurychx.cloudfront.net/trip-data/yellow_tripdata_2025-09.parquet,train
yellow,2024-01-10 07:46:36,2024-01-10 08:14:00,2024,1,2024-01,10,7,2,0,morning,train,27.4,2.9,24.0,2.5,0.5,0.0,1.0,2.5,0.0,,32.2,1,1,1,1,1,1,N,1,,,140,140,Manhattan,Lenox Hill East,Yellow Zone,Manhattan,Lenox Hill East,Yellow Zone,4.2,1,1.6486586255873816,yellow_tripdata_2024-01.parquet,https://d37ci6vzurychx.cloudfront.net/trip-data/yellow_tripdata_2024-01.parquet,train
yellow,2025-11-01 20:25:13,2025-11-01 20:29:06,2025,11,2025-11,1,20,5,1,evening,test,3.8833333333333333,0.39,5.8,1.0,0.5,0.0,1.0,2.5,0.0,0.75,13.86,2,2,1,1,1,1,N,1,,,162,48,Manhattan,Midtown East,Yellow Zone,Manhattan,Clinton East,Yellow Zone,2.31,1,1.1969481893889715,yellow_tripdata_2025-11.parquet,https://d37ci6vzurychx.cloudfront.net/trip-data/yellow_tripdata_2025-11.parquet,test
yellow,2024-04-05 11:16:12,2024-04-05 11:45:13,2024,4,2024-04,5,11,4,0,midday,train,29.016666666666666,9.37,40.8,5.0,0.5,6.94,1.0,2.5,1.75,,72.67,2,2,1,1,1,1,N,1,,,138,164,Queens,LaGuardia Airport,Airports,Manhattan,Midtown South,Yellow Zone,14.18,1,2.719978771967484,yellow_tripdata_2024-04.parquet,https://d37ci6vzurychx.cloudfront.net/trip-data/yellow_tripdata_2024-04.parquet,train
yellow,2024-02-15 08:21:49,2024-02-15 08:41:55,2024,2,2024-02,15,8,3,0,morning,train,20.1,2.6,19.1,0.0,0.5,0.0,1.0,2.5,0.0,,25.1,2,2,1,1,1,1,N,1,,,263,233,Manhattan,Yorkville West,Yellow Zone,Manhattan,UN/Turtle Bay South,Yellow Zone,2.0,1,1.0986122886681098,yellow_tripdata_2024-02.parquet,https://d37ci6vzurychx.cloudfront.net/trip-data/yellow_tripdata_2024-02.parquet,train
yellow,2024-05-31 23:25:55,2024-05-31 23:37:09,2024,5,2024-05,31,23,4,0,night,train,11.233333333333333,1.26,11.4,1.0,0.5,0.0,1.0,2.5,0.0,,17.5,2,2,1,1,1,1,N,1,,,232,79,Manhattan,Two Bridges/Seward Park,Yellow Zone,Manhattan,East Village,Yellow Zone,1.1,1,0.7419373447293773,yellow_tripdata_2024-05.parquet,https://d37ci6vzurychx.cloudfront.net/trip-data/yellow_tripdata_2024-05.parquet,train
yellow,2025-03-02 14:19:47,2025-03-02 14:32:14,2025,3,2025-03,2,14,6,1,midday,test,12.45,2.07,14.2,0.0,0.5,0.0,1.0,2.5,0.0,0.0,19.2,2,2,2,2,1,1,N,1,,,239,236,Manhattan,Upper West Side South,Yellow Zone,Manhattan,Upper East Side North,Yellow Zone,1.0,1,0.6931471805599453,yellow_tripdata_2025-03.parquet,https://d37ci6vzurychx.cloudfront.net/trip-data/yellow_tripdata_2025-03.parquet,train
yellow,2025-02-16 11:53:46,2025-02-16 12:18:01,2025,2,2025-02,16,11,6,1,midday,test,24.25,10.35,42.9,0.0,0.5,0.0,1.0,0.0,1.75,0.0,50.77,2,2,1,1,1,1,N,1,,,132,265,Queens,JFK Airport,Airports,Unknown,Outside of NYC,Unknown,4.62,1,1.7263316639055997,yellow_tripdata_2025-02.parquet,https://d37ci6vzurychx.cloudfront.net/trip-data/yellow_tripdata_2025-02.parquet,train
yellow,2024-08-15 18:44:18,2024-08-15 18:56:22,2024,8,2024-08,15,18,3,0,evening,train,12.066666666666666,1.6,12.8,5.0,0.5,0.0,1.0,2.5,0.0,,23.15,1,1,0,Unknown,1,1,N,1,,,234,246,Manhattan,Union Sq,Yellow Zone,Manhattan,West Chelsea/Hudson Yards,Yellow Zone,3.85,1,1.5789787049493917,yellow_tripdata_2024-08.parquet,https://d37ci6vzurychx.cloudfront.net/trip-data/yellow_tripdata_2024-08.parquet,train
yellow,2024-09-19 19:06:15,2024-09-19 19:15:09,2024,9,2024-09,19,19,3,0,evening,train,8.9,0.65,9.3,2.5,0.5,0.0,1.0,2.5,0.0,,18.96,2,2,1,1,1,1,N,1,,,107,79,Manhattan,Gramercy,Yellow Zone,Manhattan,East Village,Yellow Zone,3.16,1,1.425515074273172,yellow_tripdata_2024-09.parquet,https://d37ci6vzurychx.cloudfront.net/trip-data/yellow_tripdata_2024-09.parquet,train
yellow,2025-04-04 16:54:01,2025-04-04 17:16:29,2025,4,2025-04,4,16,4,0,evening,test,22.466666666666665,1.3,19.1,2.5,0.5,0.0,1.0,2.5,0.0,0.75,27.67,2,2,2,2,1,1,N,1,,,233,186,Manhattan,UN/Turtle Bay South,Yellow Zone,Manhattan,Penn Station/Madison Sq West,Yellow Zone,1.32,1,0.8415671856782186,yellow_tripdata_2025-04.parquet,https://d37ci6vzurychx.cloudfront.net/trip-data/yellow_tripdata_2025-04.parquet,train
yellow,2024-07-09 14:37:29,2024-07-09 14:45:11,2024,7,2024-07,9,14,1,0,midday,train,7.7,1.27,9.3,0.0,0.5,0.0,1.0,2.5,0.0,,17.29,2,2,2,2,1,1,N,1,,,143,48,Manhattan,Lincoln Square West,Yellow Zone,Manhattan,Clinton East,Yellow Zone,3.99,1,1.6074359097634274,yellow_tripdata_2024-07.parquet,https://d37ci6vzurychx.cloudfront.net/trip-data/yellow_tripdata_2024-07.parquet,train
yellow,2024-06-04 17:54:49,2024-06-04 17:58:27,2024,6,2024-06,4,17,1,0,evening,train,3.6333333333333333,0.64,5.8,2.5,0.5,0.0,1.0,2.5,0.0,,13.3,2,2,1,1,1,1,N,1,,,113,144,Manhattan,Greenwich Village North,Yellow Zone,Manhattan,Little Italy/NoLiTa,Yellow Zone,1.0,1,0.6931471805599453,yellow_tripdata_2024-06.parquet,https://d37ci6vzurychx.cloudfront.net/trip-data/yellow_tripdata_2024-06.parquet,train
yellow,2025-12-18 16:40:16,2025-12-18 17:47:46,2025,12,2025-12,18,16,3,0,evening,test,67.5,11.3,46.5,0.0,0.5,5.2,0.0,0.0,0.0,0.0,52.2,1,1,1,1,99,99,N,1,,,123,86,Brooklyn,Homecrest,Boro Zone,Queens,Far Rockaway,Boro Zone,0.0,0,0.0,yellow_tripdata_2025-12.parquet,https://d37ci6vzurychx.cloudfront.net/trip-data/yellow_tripdata_2025-12.parquet,test
yellow,2024-08-02 13:40:56,2024-08-02 14:01:21,2024,8,2024-08,2,13,4,0,midday,train,20.416666666666668,1.52,17.7,0.0,0.5,0.0,1.0,2.5,0.0,,26.04,2,2,1,1,1,1,N,1,,,234,246,Manhattan,Union Sq,Yellow Zone,Manhattan,West Chelsea/Hudson Yards,Yellow Zone,4.34,1,1.6752256529721035,yellow_tripdata_2024-08.parquet,https://d37ci6vzurychx.cloudfront.net/trip-data/yellow_tripdata_2024-08.parquet,train
yellow,2025-10-09 20:17:57,2025-10-09 20:22:35,2025,10,2025-10,9,20,3,0,evening,test,4.633333333333334,0.48,5.8,1.0,0.5,0.0,1.0,2.5,0.0,0.75,13.86,2,2,2,2,1,1,N,1,,,164,90,Manhattan,Midtown South,Yellow Zone,Manhattan,Flatiron,Yellow Zone,2.31,1,1.1969481893889715,yellow_tripdata_2025-10.parquet,https://d37ci6vzurychx.cloudfront.net/trip-data/yellow_tripdata_2025-10.parquet,valid
yellow,2024-02-22 20:24:30,2024-02-22 20:33:28,2024,2,2024-02,22,20,3,0,evening,train,8.966666666666667,1.7,11.4,1.0,0.5,0.0,1.0,2.5,0.0,,18.86,2,2,1,1,1,1,N,1,,,236,238,Manhattan,Upper East Side North,Yellow Zone,Manhattan,Upper West Side North,Yellow Zone,2.46,1,1.2412685890696329,yellow_tripdata_2024-02.parquet,https://d37ci6vzurychx.cloudfront.net/trip-data/yellow_tripdata_2024-02.parquet,train
yellow,2024-09-15 14:14:07,2024-09-15 14:42:17,2024,9,2024-09,15,14,6,1,midday,train,28.166666666666668,4.28,27.5,0.0,0.5,0.0,1.0,2.5,0.0,,40.95,2,2,1,1,1,1,N,1,,,68,236,Manhattan,East Chelsea,Yellow Zone,Manhattan,Upper East Side North,Yellow Zone,9.45,1,2.34660197841082,yellow_tripdata_2024-09.parquet,https://d37ci6vzurychx.cloudfront.net/trip-data/yellow_tripdata_2024-09.parquet,train
yellow,2025-02-15 19:43:45,2025-02-15 19:50:47,2025,2,2025-02,15,19,5,1,evening,test,7.033333333333333,0.68,7.9,0.0,0.5,0.0,1.0,2.5,0.0,0.75,15.18,2,2,1,1,1,1,N,1,,,230,162,Manhattan,Times Sq/Theatre District,Yellow Zone,Manhattan,Midtown East,Yellow Zone,2.53,1,1.2612978709452054,yellow_tripdata_2025-02.parquet,https://d37ci6vzurychx.cloudfront.net/trip-data/yellow_tripdata_2025-02.parquet,train
yellow,2025-10-02 17:11:26,2025-10-02 17:38:11,2025,10,2025-10,2,17,3,0,evening,test,26.75,5.06,28.9,2.5,0.5,0.0,1.0,2.5,0.0,0.75,43.38,2,2,2,2,1,1,N,1,,,163,231,Manhattan,Midtown North,Yellow Zone,Manhattan,TriBeCa/Civic Center,Yellow Zone,7.23,1,2.1077860146889784,yellow_tripdata_2025-10.parquet,https://d37ci6vzurychx.cloudfront.net/trip-data/yellow_tripdata_2025-10.parquet,valid
yellow,2024-01-14 19:26:21,2024-01-14 19:46:48,2024,1,2024-01,14,19,6,1,evening,train,20.45,6.1,28.9,2.5,0.5,0.0,1.0,2.5,0.0,,39.48,1,1,0,Unknown,1,1,N,1,,,262,211,Manhattan,Yorkville East,Yellow Zone,Manhattan,SoHo,Yellow Zone,6.58,1,2.0255131996542803,yellow_tripdata_2024-01.parquet,https://d37ci6vzurychx.cloudfront.net/trip-data/yellow_tripdata_2024-01.parquet,train
yellow,2024-02-07 15:21:11,2024-02-07 15:58:33,2024,2,2024-02,7,15,2,0,midday,train,37.36666666666667,16.99,63.9,5.0,0.5,6.94,1.0,2.5,0.0,,95.81,2,2,1,1,1,1,N,1,,,143,138,Manhattan,Lincoln Square West,Yellow Zone,Queens,LaGuardia Airport,Airports,15.97,1,2.831447079246135,yellow_tripdata_2024-02.parquet,https://d37ci6vzurychx.cloudfront.net/trip-data/yellow_tripdata_2024-02.parquet,train
yellow,2025-01-28 21:59:26,2025-01-28 22:16:51,2025,1,2025-01,28,21,1,0,night,test,17.416666666666668,2.71,17.7,1.0,0.5,0.0,1.0,2.5,0.0,0.75,29.31,2,2,1,1,1,1,N,1,,,68,141,Manhattan,East Chelsea,Yellow Zone,Manhattan,Lenox Hill West,Yellow Zone,5.86,1,1.925707441737794,yellow_tripdata_2025-01.parquet,https://d37ci6vzurychx.cloudfront.net/trip-data/yellow_tripdata_2025-01.parquet,train
yellow,2025-08-04 00:27:52,2025-08-04 00:33:29,2025,8,2025-08,4,0,0,0,night,test,5.616666666666666,0.9,7.2,3.5,0.5,0.0,1.0,2.5,0.0,0.0,14.65,1,1,1,1,1,1,N,1,,,239,151,Manhattan,Upper West Side South,Yellow Zone,Manhattan,Manhattan Valley,Yellow Zone,2.45,1,1.2383742310432684,yellow_tripdata_2025-08.parquet,https://d37ci6vzurychx.cloudfront.net/trip-data/yellow_tripdata_2025-08.parquet,train
yellow,2024-03-22 16:03:41,2024-03-22 16:15:12,2024,3,2024-03,22,16,4,0,evening,train,11.516666666666667,1.9,12.8,5.0,0.5,0.0,1.0,2.5,0.0,,23.15,1,1,1,1,1,1,N,1,,,142,151,Manhattan,Lincoln Square East,Yellow Zone,Manhattan,Manhattan Valley,Yellow Zone,3.85,1,1.5789787049493917,yellow_tripdata_2024-03.parquet,https://d37ci6vzurychx.cloudfront.net/trip-data/yellow_tripdata_2024-03.parquet,train
yellow,2024-06-19 23:28:08,2024-06-19 23:52:10,2024,6,2024-06,19,23,2,0,night,train,24.033333333333335,5.08,26.1,1.0,0.5,0.0,1.0,2.5,0.0,,36.1,2,2,1,1,1,1,N,1,,,68,65,Manhattan,East Chelsea,Yellow Zone,Brooklyn,Downtown Brooklyn/MetroTech,Boro Zone,5.0,1,1.791759469228055,yellow_tripdata_2024-06.parquet,https://d37ci6vzurychx.cloudfront.net/trip-data/yellow_tripdata_2024-06.parquet,train
yellow,2025-06-09 12:48:23,2025-06-09 13:12:56,2025,6,2025-06,9,12,0,0,midday,test,24.55,3.4,22.5,0.0,0.5,0.0,0.0,0.0,0.0,0.0,23.0,1,1,1,1,99,99,N,1,,,89,39,Brooklyn,Flatbush/Ditmas Park,Boro Zone,Brooklyn,Canarsie,Boro Zone,0.0,0,0.0,yellow_tripdata_2025-06.parquet,https://d37ci6vzurychx.cloudfront.net/trip-data/yellow_tripdata_2025-06.parquet,train
yellow,2024-07-16 13:36:58,2024-07-16 13:40:36,2024,7,2024-07,16,13,1,0,midday,train,3.6333333333333333,0.4,5.1,0.0,0.5,0.0,1.0,2.5,0.0,,10.92,2,2,1,1,1,1,N,1,,,170,233,Manhattan,Murray Hill,Yellow Zone,Manhattan,UN/Turtle Bay South,Yellow Zone,1.82,1,1.0367368849500223,yellow_tripdata_2024-07.parquet,https://d37ci6vzurychx.cloudfront.net/trip-data/yellow_tripdata_2024-07.parquet,train
yellow,2025-08-26 16:39:06,2025-08-26 17:01:52,2025,8,2025-08,26,16,1,0,evening,test,22.766666666666666,2.37,20.5,2.5,0.5,0.0,1.0,2.5,0.0,0.75,33.3,2,2,1,1,1,1,N,1,,,163,246,Manhattan,Midtown North,Yellow Zone,Manhattan,West Chelsea/Hudson Yards,Yellow Zone,5.55,1,1.8794650496471605,yellow_tripdata_2025-08.parquet,https://d37ci6vzurychx.cloudfront.net/trip-data/yellow_tripdata_2025-08.parquet,train
yellow,2025-10-16 10:57:25,2025-10-16 11:13:49,2025,10,2025-10,16,10,3,0,morning,test,16.4,1.9,15.6,0.0,0.5,0.0,1.0,2.5,0.0,0.75,24.42,2,2,1,1,1,1,N,1,,,263,233,Manhattan,Yorkville West,Yellow Zone,Manhattan,UN/Turtle Bay South,Yellow Zone,4.07,1,1.623340817603092,yellow_tripdata_2025-10.parquet,https://d37ci6vzurychx.cloudfront.net/trip-data/yellow_tripdata_2025-10.parquet,valid
yellow,2024-11-20 12:06:45,2024-11-20 12:12:21,2024,11,2024-11,20,12,2,0,midday,valid,5.6,0.85,7.2,0.0,0.5,0.0,1.0,2.5,0.0,,13.44,2,2,1,1,1,1,N,1,,,142,230,Manhattan,Lincoln Square East,Yellow Zone,Manhattan,Times Sq/Theatre District,Yellow Zone,2.24,1,1.1755733298042381,yellow_tripdata_2024-11.parquet,https://d37ci6vzurychx.cloudfront.net/trip-data/yellow_tripdata_2024-11.parquet,test
yellow,2025-03-02 09:08:28,2025-03-02 09:41:39,2025,3,2025-03,2,9,6,1,morning,test,33.18333333333333,5.3,42.5,0.0,0.5,0.0,0.0,0.0,0.0,0.0,43.0,1,1,1,1,99,99,N,1,,,76,226,Brooklyn,East New York,Boro Zone,Queens,Sunnyside,Boro Zone,0.0,0,0.0,yellow_tripdata_2025-03.parquet,https://d37ci6vzurychx.cloudfront.net/trip-data/yellow_tripdata_2025-03.parquet,train
yellow,2024-06-21 21:50:23,2024-06-21 22:17:26,2024,6,2024-06,21,21,4,0,night,train,27.05,5.94,29.6,1.0,0.5,0.0,1.0,2.5,0.0,,44.98,2,2,1,1,1,1,N,1,,,163,223,Manhattan,Midtown North,Yellow Zone,Queens,Steinway,Boro Zone,10.38,1,2.431857428698185,yellow_tripdata_2024-06.parquet,https://d37ci6vzurychx.cloudfront.net/trip-data/yellow_tripdata_2024-06.parquet,train
yellow,2025-09-10 23:14:37,2025-09-10 23:20:29,2025,9,2025-09,10,23,2,0,night,test,5.866666666666666,1.15,8.6,1.0,0.5,0.0,1.0,2.5,0.0,0.75,17.22,2,2,1,1,1,1,N,1,,,170,237,Manhattan,Murray Hill,Yellow Zone,Manhattan,Upper East Side South,Yellow Zone,2.87,1,1.3532545070416904,yellow_tripdata_2025-09.parquet,https://d37ci6vzurychx.cloudfront.net/trip-data/yellow_tripdata_2025-09.parquet,train
yellow,2024-09-13 07:47:50,2024-09-13 07:55:28,2024,9,2024-09,13,7,4,0,morning,train,7.633333333333334,0.76,8.6,0.0,0.5,0.0,1.0,2.5,0.0,,14.49,2,2,1,1,1,1,N,1,,,237,236,Manhattan,Upper East Side South,Yellow Zone,Manhattan,Upper East Side North,Yellow Zone,1.89,1,1.0612565021243408,yellow_tripdata_2024-09.parquet,https://d37ci6vzurychx.cloudfront.net/trip-data/yellow_tripdata_2024-09.parquet,train
yellow,2024-06-15 18:02:37,2024-06-15 18:08:22,2024,6,2024-06,15,18,5,1,evening,train,5.75,1.13,7.9,0.0,0.5,0.0,1.0,2.5,0.0,,14.28,2,2,1,1,1,1,N,1,,,140,237,Manhattan,Lenox Hill East,Yellow Zone,Manhattan,Upper East Side South,Yellow Zone,2.38,1,1.2178757094949273,yellow_tripdata_2024-06.parquet,https://d37ci6vzurychx.cloudfront.net/trip-data/yellow_tripdata_2024-06.parquet,train
yellow,2025-03-15 10:49:07,2025-03-15 11:05:27,2025,3,2025-03,15,10,5,1,morning,test,16.333333333333332,4.15,21.2,0.0,0.5,0.0,1.0,2.5,0.0,0.75,31.14,2,2,1,1,1,1,N,1,,,262,234,Manhattan,Yorkville East,Yellow Zone,Manhattan,Union Sq,Yellow Zone,5.19,1,1.8229350866965048,yellow_tripdata_2025-03.parquet,https://d37ci6vzurychx.cloudfront.net/trip-data/yellow_tripdata_2025-03.parquet,train
yellow,2025-11-20 16:10:26,2025-11-20 16:35:22,2025,11,2025-11,20,16,3,0,evening,test,24.933333333333334,2.37,21.9,0.0,0.5,0.0,1.0,2.5,0.0,0.75,28.25,2,2,1,1,1,1,N,1,,,164,237,Manhattan,Midtown South,Yellow Zone,Manhattan,Upper East Side South,Yellow Zone,1.6,1,0.9555114450274363,yellow_tripdata_2025-11.parquet,https://d37ci6vzurychx.cloudfront.net/trip-data/yellow_tripdata_2025-11.parquet,test
yellow,2024-01-05 23:20:22,2024-01-05 23:26:48,2024,1,2024-01,5,23,4,0,night,train,6.433333333333334,1.5,9.3,1.0,0.5,0.0,1.0,2.5,0.0,,17.16,2,2,1,1,1,1,N,1,,,107,233,Manhattan,Gramercy,Yellow Zone,Manhattan,UN/Turtle Bay South,Yellow Zone,2.86,1,1.3506671834767394,yellow_tripdata_2024-01.parquet,https://d37ci6vzurychx.cloudfront.net/trip-data/yellow_tripdata_2024-01.parquet,train
yellow,2024-07-31 22:11:16,2024-07-31 22:15:37,2024,7,2024-07,31,22,2,0,night,train,4.35,0.88,6.5,1.0,0.5,0.0,1.0,2.5,0.0,,13.22,2,2,3,3,1,1,N,1,,,239,142,Manhattan,Upper West Side South,Yellow Zone,Manhattan,Lincoln Square East,Yellow Zone,1.72,1,1.000631880307906,yellow_tripdata_2024-07.parquet,https://d37ci6vzurychx.cloudfront.net/trip-data/yellow_tripdata_2024-07.parquet,train
yellow,2024-12-08 17:56:03,2024-12-08 18:00:28,2024,12,2024-12,8,17,6,1,evening,valid,4.416666666666667,1.25,7.9,0.0,0.5,0.0,1.0,2.5,0.0,,14.88,2,2,2,2,1,1,N,1,,,142,238,Manhattan,Lincoln Square East,Yellow Zone,Manhattan,Upper West Side North,Yellow Zone,2.98,1,1.3812818192963463,yellow_tripdata_2024-12.parquet,https://d37ci6vzurychx.cloudfront.net/trip-data/yellow_tripdata_2024-12.parquet,test
yellow,2024-03-13 18:57:16,2024-03-13 19:08:22,2024,3,2024-03,13,18,2,0,evening,train,11.1,1.14,10.7,2.5,0.5,0.0,1.0,2.5,0.0,,20.64,2,2,1,1,1,1,N,1,,,79,158,Manhattan,East Village,Yellow Zone,Manhattan,Meatpacking/West Village West,Yellow Zone,3.44,1,1.4906543764441333,yellow_tripdata_2024-03.parquet,https://d37ci6vzurychx.cloudfront.net/trip-data/yellow_tripdata_2024-03.parquet,train
yellow,2025-11-04 12:34:40,2025-11-04 12:59:23,2025,11,2025-11,4,12,1,0,midday,test,24.716666666666665,2.3,20.5,3.25,0.5,0.0,1.0,2.5,0.0,0.75,30.3,1,1,1,1,1,1,N,1,,,161,90,Manhattan,Midtown Center,Yellow Zone,Manhattan,Flatiron,Yellow Zone,5.05,1,1.80005827204275,yellow_tripdata_2025-11.parquet,https://d37ci6vzurychx.cloudfront.net/trip-data/yellow_tripdata_2025-11.parquet,test
yellow,2025-03-23 01:09:02,2025-03-23 01:17:09,2025,3,2025-03,23,1,6,1,night,test,8.116666666666667,1.34,10.0,1.0,0.5,0.0,1.0,2.5,0.0,0.75,17.75,2,2,1,1,1,1,N,1,,,113,170,Manhattan,Greenwich Village North,Yellow Zone,Manhattan,Murray Hill,Yellow Zone,2.0,1,1.0986122886681098,yellow_tripdata_2025-03.parquet,https://d37ci6vzurychx.cloudfront.net/trip-data/yellow_tripdata_2025-03.parquet,train
yellow,2025-01-25 00:20:23,2025-01-25 00:37:16,2025,1,2025-01,25,0,5,1,night,test,16.883333333333333,4.65,24.0,1.0,0.5,0.0,1.0,2.5,0.0,0.75,35.7,2,2,1,1,1,1,N,1,,,144,141,Manhattan,Little Italy/NoLiTa,Yellow Zone,Manhattan,Lenox Hill West,Yellow Zone,5.95,1,1.9387416595767009,yellow_tripdata_2025-01.parquet,https://d37ci6vzurychx.cloudfront.net/trip-data/yellow_tripdata_2025-01.parquet,train
yellow,2024-09-13 16:21:26,2024-09-13 16:48:03,2024,9,2024-09,13,16,4,0,evening,train,26.616666666666667,3.57,24.7,2.5,0.5,0.0,1.0,2.5,0.0,,37.44,2,2,3,3,1,1,N,1,,,246,261,Manhattan,West Chelsea/Hudson Yards,Yellow Zone,Manhattan,World Trade Center,Yellow Zone,6.24,1,1.979621206397625,yellow_tripdata_2024-09.parquet,https://d37ci6vzurychx.cloudfront.net/trip-data/yellow_tripdata_2024-09.parquet,train
yellow,2025-03-13 11:22:40,2025-03-13 11:36:42,2025,3,2025-03,13,11,3,0,midday,test,14.033333333333333,2.1,12.8,2.5,0.5,0.0,1.0,2.5,0.0,0.0,20.15,1,1,1,1,1,1,N,1,,,142,236,Manhattan,Lincoln Square East,Yellow Zone,Manhattan,Upper East Side North,Yellow Zone,3.35,1,1.4701758451005926,yellow_tripdata_2025-03.parquet,https://d37ci6vzurychx.cloudfront.net/trip-data/yellow_tripdata_2025-03.parquet,train
yellow,2024-08-10 07:32:50,2024-08-10 07:50:32,2024,8,2024-08,10,7,5,1,morning,train,17.7,3.8,21.2,2.5,0.5,0.0,1.0,2.5,0.0,,27.2,1,1,1,1,1,1,N,1,,,262,42,Manhattan,Yorkville East,Yellow Zone,Manhattan,Central Harlem North,Boro Zone,2.0,1,1.0986122886681098,yellow_tripdata_2024-08.parquet,https://d37ci6vzurychx.cloudfront.net/trip-data/yellow_tripdata_2024-08.parquet,train
yellow,2025-09-20 01:59:48,2025-09-20 02:05:33,2025,9,2025-09,20,1,5,1,night,test,5.75,0.84,7.2,1.0,0.5,0.0,1.0,2.5,0.0,0.75,15.54,2,2,1,1,1,1,N,1,,,79,79,Manhattan,East Village,Yellow Zone,Manhattan,East Village,Yellow Zone,2.59,1,1.2781522025001875,yellow_tripdata_2025-09.parquet,https://d37ci6vzurychx.cloudfront.net/trip-data/yellow_tripdata_2025-09.parquet,train
yellow,2024-02-11 12:49:05,2024-02-11 12:55:24,2024,2,2024-02,11,12,6,1,midday,train,6.316666666666666,0.83,7.9,0.0,0.5,0.0,1.0,2.5,0.0,,14.88,2,2,1,1,1,1,N,1,,,249,113,Manhattan,West Village,Yellow Zone,Manhattan,Greenwich Village North,Yellow Zone,2.98,1,1.3812818192963463,yellow_tripdata_2024-02.parquet,https://d37ci6vzurychx.cloudfront.net/trip-data/yellow_tripdata_2024-02.parquet,train
yellow,2024-07-19 14:26:54,2024-07-19 14:37:56,2024,7,2024-07,19,14,4,0,midday,train,11.033333333333333,1.3,11.4,0.0,0.5,0.0,1.0,2.5,0.0,,18.48,2,2,1,1,1,1,N,1,,,141,263,Manhattan,Lenox Hill West,Yellow Zone,Manhattan,Yorkville West,Yellow Zone,3.08,1,1.4060969884160703,yellow_tripdata_2024-07.parquet,https://d37ci6vzurychx.cloudfront.net/trip-data/yellow_tripdata_2024-07.parquet,train
yellow,2024-02-09 07:43:21,2024-02-09 07:47:46,2024,2,2024-02,9,7,4,0,morning,train,4.416666666666667,0.47,6.5,0.0,0.5,0.0,1.0,2.5,0.0,,12.6,2,2,1,1,1,1,N,1,,,233,162,Manhattan,UN/Turtle Bay South,Yellow Zone,Manhattan,Midtown East,Yellow Zone,2.1,1,1.1314021114911006,yellow_tripdata_2024-02.parquet,https://d37ci6vzurychx.cloudfront.net/trip-data/yellow_tripdata_2024-02.parquet,train
yellow,2025-10-03 11:39:56,2025-10-03 11:47:44,2025,10,2025-10,3,11,4,0,midday,test,7.8,0.79,8.6,0.0,0.5,0.0,1.0,2.5,0.0,0.75,16.35,2,2,1,1,1,1,N,1,,,230,100,Manhattan,Times Sq/Theatre District,Yellow Zone,Manhattan,Garment District,Yellow Zone,3.0,1,1.3862943611198906,yellow_tripdata_2025-10.parquet,https://d37ci6vzurychx.cloudfront.net/trip-data/yellow_tripdata_2025-10.parquet,valid
yellow,2024-05-15 17:37:21,2024-05-15 17:55:09,2024,5,2024-05,15,17,2,0,evening,train,17.8,1.94,16.3,2.5,0.5,0.0,1.0,2.5,0.0,,27.36,2,2,1,1,1,1,N,1,,,162,262,Manhattan,Midtown East,Yellow Zone,Manhattan,Yorkville East,Yellow Zone,4.56,1,1.715598108262491,yellow_tripdata_2024-05.parquet,https://d37ci6vzurychx.cloudfront.net/trip-data/yellow_tripdata_2024-05.parquet,train
yellow,2024-05-25 05:31:58,2024-05-25 05:46:02,2024,5,2024-05,25,5,5,1,morning,train,14.066666666666666,5.9,24.7,3.5,0.5,0.0,1.0,2.5,0.0,,33.7,1,1,1,1,1,1,N,1,,,231,230,Manhattan,TriBeCa/Civic Center,Yellow Zone,Manhattan,Times Sq/Theatre District,Yellow Zone,4.0,1,1.6094379124341003,yellow_tripdata_2024-05.parquet,https://d37ci6vzurychx.cloudfront.net/trip-data/yellow_tripdata_2024-05.parquet,train
yellow,2024-09-10 09:16:11,2024-09-10 09:29:24,2024,9,2024-09,10,9,1,0,morning,train,13.216666666666667,2.66,14.9,0.0,0.5,0.0,1.0,2.5,0.0,,22.68,2,2,1,1,1,1,N,1,,,236,230,Manhattan,Upper East Side North,Yellow Zone,Manhattan,Times Sq/Theatre District,Yellow Zone,3.78,1,1.5644405465033644,yellow_tripdata_2024-09.parquet,https://d37ci6vzurychx.cloudfront.net/trip-data/yellow_tripdata_2024-09.parquet,train
yellow,2025-11-22 03:20:45,2025-11-22 03:30:37,2025,11,2025-11,22,3,5,1,night,test,9.866666666666667,2.14,12.1,1.0,0.5,0.0,1.0,2.5,0.0,0.75,22.31,2,2,1,1,1,1,N,1,,,246,162,Manhattan,West Chelsea/Hudson Yards,Yellow Zone,Manhattan,Midtown East,Yellow Zone,4.46,1,1.6974487897568136,yellow_tripdata_2025-11.parquet,https://d37ci6vzurychx.cloudfront.net/trip-data/yellow_tripdata_2025-11.parquet,test
yellow,2025-07-17 08:03:29,2025-07-17 08:28:27,2025,7,2025-07,17,8,3,0,morning,test,24.966666666666665,9.21,38.0,5.0,0.5,6.94,1.0,0.0,1.75,0.0,63.48,2,2,1,1,1,1,N,1,,,138,212,Queens,LaGuardia Airport,Airports,Bronx,Soundview/Bruckner,Boro Zone,10.29,1,2.4239173781615704,yellow_tripdata_2025-07.parquet,https://d37ci6vzurychx.cloudfront.net/trip-data/yellow_tripdata_2025-07.parquet,train
yellow,2025-11-06 00:26:26,2025-11-06 00:37:28,2025,11,2025-11,6,0,3,0,night,test,11.033333333333333,3.27,15.6,1.0,0.5,0.0,1.0,2.5,0.0,0.75,25.62,2,2,1,1,1,1,N,1,,,230,166,Manhattan,Times Sq/Theatre District,Yellow Zone,Manhattan,Morningside Heights,Boro Zone,4.27,1,1.6620303625532709,yellow_tripdata_2025-11.parquet,https://d37ci6vzurychx.cloudfront.net/trip-data/yellow_tripdata_2025-11.parquet,test
yellow,2024-07-01 18:01:32,2024-07-01 18:11:18,2024,7,2024-07,1,18,0,0,evening,train,9.766666666666667,0.85,10.0,2.5,0.5,0.0,1.0,2.5,0.0,,19.8,2,2,1,1,1,1,N,1,,,113,158,Manhattan,Greenwich Village North,Yellow Zone,Manhattan,Meatpacking/West Village West,Yellow Zone,3.3,1,1.4586150226995167,yellow_tripdata_2024-07.parquet,https://d37ci6vzurychx.cloudfront.net/trip-data/yellow_tripdata_2024-07.parquet,train
yellow,2025-03-22 23:47:06,2025-03-23 00:01:34,2025,3,2025-03,22,23,5,1,night,test,14.466666666666667,3.44,17.7,1.0,0.5,0.0,1.0,2.5,0.0,0.0,24.0,2,2,1,1,1,1,N,1,,,140,41,Manhattan,Lenox Hill East,Yellow Zone,Manhattan,Central Harlem,Boro Zone,1.3,1,0.832909122935104,yellow_tripdata_2025-03.parquet,https://d37ci6vzurychx.cloudfront.net/trip-data/yellow_tripdata_2025-03.parquet,train
yellow,2024-01-14 09:22:01,2024-01-14 09:27:20,2024,1,2024-01,14,9,6,1,morning,train,5.316666666666666,1.94,10.0,0.0,0.5,0.0,1.0,2.5,0.0,,16.0,2,2,1,1,1,1,N,1,,,140,233,Manhattan,Lenox Hill East,Yellow Zone,Manhattan,UN/Turtle Bay South,Yellow Zone,2.0,1,1.0986122886681098,yellow_tripdata_2024-01.parquet,https://d37ci6vzurychx.cloudfront.net/trip-data/yellow_tripdata_2024-01.parquet,train
yellow,2024-07-26 12:50:27,2024-07-26 12:57:53,2024,7,2024-07,26,12,4,0,midday,train,7.433333333333334,0.88,8.6,0.0,0.5,0.0,1.0,2.5,0.0,,12.6,2,2,1,1,1,1,N,1,,,100,137,Manhattan,Garment District,Yellow Zone,Manhattan,Kips Bay,Yellow Zone,0.0,0,0.0,yellow_tripdata_2024-07.parquet,https://d37ci6vzurychx.cloudfront.net/trip-data/yellow_tripdata_2024-07.parquet,train
yellow,2024-04-07 18:01:48,2024-04-07 18:16:02,2024,4,2024-04,7,18,6,1,evening,train,14.233333333333333,2.34,15.6,0.0,0.5,0.0,1.0,2.5,0.0,,23.52,2,2,1,1,1,1,N,1,,,143,141,Manhattan,Lincoln Square West,Yellow Zone,Manhattan,Lenox Hill West,Yellow Zone,3.92,1,1.5933085305042167,yellow_tripdata_2024-04.parquet,https://d37ci6vzurychx.cloudfront.net/trip-data/yellow_tripdata_2024-04.parquet,train
yellow,2025-01-07 17:28:51,2025-01-07 17:31:23,2025,1,2025-01,7,17,1,0,evening,test,2.533333333333333,0.55,5.1,2.5,0.5,0.0,1.0,2.5,0.0,0.75,14.82,2,2,2,2,1,1,N,1,,,234,113,Manhattan,Union Sq,Yellow Zone,Manhattan,Greenwich Village North,Yellow Zone,2.47,1,1.244154593958768,yellow_tripdata_2025-01.parquet,https://d37ci6vzurychx.cloudfront.net/trip-data/yellow_tripdata_2025-01.parquet,train
yellow,2025-07-01 16:51:15,2025-07-01 16:58:55,2025,7,2025-07,1,16,1,0,evening,test,7.666666666666667,1.31,10.0,2.5,0.5,0.0,1.0,2.5,0.0,0.0,18.98,2,2,1,1,1,1,N,1,,,236,237,Manhattan,Upper East Side North,Yellow Zone,Manhattan,Upper East Side South,Yellow Zone,2.48,1,1.247032293786383,yellow_tripdata_2025-07.parquet,https://d37ci6vzurychx.cloudfront.net/trip-data/yellow_tripdata_2025-07.parquet,train
yellow,2025-01-21 20:17:42,2025-01-21 20:30:17,2025,1,2025-01,21,20,1,0,evening,test,12.583333333333334,2.19,14.2,1.0,0.5,0.0,1.0,2.5,0.0,0.75,21.95,2,2,1,1,1,1,N,1,,,237,233,Manhattan,Upper East Side South,Yellow Zone,Manhattan,UN/Turtle Bay South,Yellow Zone,2.0,1,1.0986122886681098,yellow_tripdata_2025-01.parquet,https://d37ci6vzurychx.cloudfront.net/trip-data/yellow_tripdata_2025-01.parquet,train
yellow,2025-01-29 09:39:47,2025-01-29 09:48:47,2025,1,2025-01,29,9,2,0,morning,test,9.0,0.87,9.3,0.0,0.5,0.0,1.0,2.5,0.0,0.0,15.3,2,2,1,1,1,1,N,1,,,43,140,Manhattan,Central Park,Yellow Zone,Manhattan,Lenox Hill East,Yellow Zone,2.0,1,1.0986122886681098,yellow_tripdata_2025-01.parquet,https://d37ci6vzurychx.cloudfront.net/trip-data/yellow_tripdata_2025-01.parquet,train
yellow,2025-09-01 13:01:24,2025-09-01 13:19:47,2025,9,2025-09,1,13,0,0,midday,test,18.383333333333333,2.6,15.6,3.25,0.5,0.0,1.0,2.5,0.0,0.75,24.4,1,1,1,1,1,1,N,1,,,186,79,Manhattan,Penn Station/Madison Sq West,Yellow Zone,Manhattan,East Village,Yellow Zone,4.05,1,1.6193882432872684,yellow_tripdata_2025-09.parquet,https://d37ci6vzurychx.cloudfront.net/trip-data/yellow_tripdata_2025-09.parquet,train
yellow,2024-08-18 03:56:41,2024-08-18 04:10:38,2024,8,2024-08,18,3,6,1,night,train,13.95,2.95,16.3,1.0,0.5,0.0,1.0,2.5,0.0,,21.3,2,2,2,2,1,1,N,1,,,144,107,Manhattan,Little Italy/NoLiTa,Yellow Zone,Manhattan,Gramercy,Yellow Zone,0.0,0,0.0,yellow_tripdata_2024-08.parquet,https://d37ci6vzurychx.cloudfront.net/trip-data/yellow_tripdata_2024-08.parquet,train
yellow,2024-02-14 08:03:52,2024-02-14 08:05:31,2024,2,2024-02,14,8,2,0,morning,train,1.65,0.38,4.4,0.0,0.5,0.0,1.0,2.5,0.0,,10.08,2,2,1,1,1,1,N,1,,,263,263,Manhattan,Yorkville West,Yellow Zone,Manhattan,Yorkville West,Yellow Zone,1.68,1,0.9858167945227653,yellow_tripdata_2024-02.parquet,https://d37ci6vzurychx.cloudfront.net/trip-data/yellow_tripdata_2024-02.parquet,train
yellow,2024-09-19 00:28:46,2024-09-19 00:54:09,2024,9,2024-09,19,0,3,0,night,train,25.383333333333333,9.11,39.4,1.0,0.5,0.0,1.0,2.5,0.0,,53.28,2,2,4,4,1,1,N,1,,,237,87,Manhattan,Upper East Side South,Yellow Zone,Manhattan,Financial District North,Yellow Zone,8.88,1,2.2905125117597764,yellow_tripdata_2024-09.parquet,https://d37ci6vzurychx.cloudfront.net/trip-data/yellow_tripdata_2024-09.parquet,train
yellow,2024-02-17 21:28:51,2024-02-17 21:37:33,2024,2,2024-02,17,21,5,1,night,train,8.7,2.95,14.9,1.0,0.5,0.0,1.0,2.5,0.0,,23.88,2,2,1,1,1,1,N,1,,,140,107,Manhattan,Lenox Hill East,Yellow Zone,Manhattan,Gramercy,Yellow Zone,3.98,1,1.6054298910365616,yellow_tripdata_2024-02.parquet,https://d37ci6vzurychx.cloudfront.net/trip-data/yellow_tripdata_2024-02.parquet,train
yellow,2024-10-20 21:56:20,2024-10-20 22:23:38,2024,10,2024-10,20,21,6,1,night,valid,27.3,10.49,43.6,6.0,0.5,6.94,1.0,2.5,1.75,,71.63,2,2,1,1,1,1,N,1,,,70,158,Queens,East Elmhurst,Boro Zone,Manhattan,Meatpacking/West Village West,Yellow Zone,9.34,1,2.336019869080283,yellow_tripdata_2024-10.parquet,https://d37ci6vzurychx.cloudfront.net/trip-data/yellow_tripdata_2024-10.parquet,valid
yellow,2025-10-17 20:17:42,2025-10-17 20:33:20,2025,10,2025-10,17,20,4,0,evening,test,15.633333333333333,2.18,15.6,1.0,0.5,0.0,1.0,2.5,0.0,0.75,25.62,2,2,1,1,1,1,N,1,,,114,186,Manhattan,Greenwich Village South,Yellow Zone,Manhattan,Penn Station/Madison Sq West,Yellow Zone,4.27,1,1.6620303625532709,yellow_tripdata_2025-10.parquet,https://d37ci6vzurychx.cloudfront.net/trip-data/yellow_tripdata_2025-10.parquet,valid
yellow,2025-06-18 07:29:19,2025-06-18 07:37:47,2025,6,2025-06,18,7,2,0,morning,test,8.466666666666667,1.02,9.3,0.0,0.5,0.0,1.0,2.5,0.0,0.75,16.16,2,2,1,1,1,1,N,1,,,161,48,Manhattan,Midtown Center,Yellow Zone,Manhattan,Clinton East,Yellow Zone,2.11,1,1.1346227261911428,yellow_tripdata_2025-06.parquet,https://d37ci6vzurychx.cloudfront.net/trip-data/yellow_tripdata_2025-06.parquet,train
yellow,2024-05-02 19:08:20,2024-05-02 19:19:28,2024,5,2024-05,2,19,3,0,evening,train,11.133333333333333,2.3,14.2,5.0,0.5,0.0,1.0,2.5,0.0,,24.8,1,1,1,1,1,1,N,1,,,163,236,Manhattan,Midtown North,Yellow Zone,Manhattan,Upper East Side North,Yellow Zone,4.1,1,1.62924053973028,yellow_tripdata_2024-05.parquet,https://d37ci6vzurychx.cloudfront.net/trip-data/yellow_tripdata_2024-05.parquet,train
yellow,2024-06-22 20:51:31,2024-06-22 20:54:32,2024,6,2024-06,22,20,5,1,evening,train,3.0166666666666666,0.98,6.5,1.0,0.5,0.0,1.0,2.5,0.0,,13.8,2,2,1,1,1,1,N,1,,,229,141,Manhattan,Sutton Place/Turtle Bay North,Yellow Zone,Manhattan,Lenox Hill West,Yellow Zone,2.3,1,1.1939224684724346,yellow_tripdata_2024-06.parquet,https://d37ci6vzurychx.cloudfront.net/trip-data/yellow_tripdata_2024-06.parquet,train
yellow,2024-02-05 14:42:12,2024-02-05 14:59:39,2024,2,2024-02,5,14,0,0,midday,train,17.45,4.1,21.9,2.5,0.5,0.0,1.0,2.5,0.0,,31.05,1,1,2,2,1,1,N,1,,,246,166,Manhattan,West Chelsea/Hudson Yards,Yellow Zone,Manhattan,Morningside Heights,Boro Zone,5.15,1,1.8164520818184267,yellow_tripdata_2024-02.parquet,https://d37ci6vzurychx.cloudfront.net/trip-data/yellow_tripdata_2024-02.parquet,train
yellow,2025-01-11 18:33:03,2025-01-11 18:39:45,2025,1,2025-01,11,18,5,1,evening,test,6.7,0.8,7.2,3.25,0.5,0.0,1.0,2.5,0.0,0.75,14.35,1,1,1,1,1,1,N,1,,,48,48,Manhattan,Clinton East,Yellow Zone,Manhattan,Clinton East,Yellow Zone,2.4,1,1.2237754316221157,yellow_tripdata_2025-01.parquet,https://d37ci6vzurychx.cloudfront.net/trip-data/yellow_tripdata_2025-01.parquet,train
yellow,2025-12-23 21:05:07,2025-12-23 21:08:59,2025,12,2025-12,23,21,1,0,night,test,3.8666666666666667,0.99,6.5,1.0,0.5,0.0,1.0,2.5,0.0,0.0,13.0,2,2,2,2,1,1,N,1,,,263,141,Manhattan,Yorkville West,Yellow Zone,Manhattan,Lenox Hill West,Yellow Zone,1.5,1,0.9162907318741551,yellow_tripdata_2025-12.parquet,https://d37ci6vzurychx.cloudfront.net/trip-data/yellow_tripdata_2025-12.parquet,test
yellow,2024-10-25 21:14:32,2024-10-25 21:43:38,2024,10,2024-10,25,21,4,0,night,valid,29.1,5.4,26.8,3.5,0.5,0.0,1.0,2.5,0.0,,38.15,1,1,1,1,1,1,N,1,,,163,261,Manhattan,Midtown North,Yellow Zone,Manhattan,World Trade Center,Yellow Zone,6.35,1,1.9947003132247452,yellow_tripdata_2024-10.parquet,https://d37ci6vzurychx.cloudfront.net/trip-data/yellow_tripdata_2024-10.parquet,valid
yellow,2024-03-28 18:22:20,2024-03-28 18:35:08,2024,3,2024-03,28,18,3,0,evening,train,12.8,1.3,12.1,2.5,0.5,0.0,1.0,2.5,0.0,,22.32,2,2,2,2,1,1,N,1,,,79,249,Manhattan,East Village,Yellow Zone,Manhattan,West Village,Yellow Zone,3.72,1,1.551808799597464,yellow_tripdata_2024-03.parquet,https://d37ci6vzurychx.cloudfront.net/trip-data/yellow_tripdata_2024-03.parquet,train
yellow,2024-03-02 18:27:15,2024-03-02 18:31:47,2024,3,2024-03,2,18,5,1,evening,train,4.533333333333333,0.64,6.5,0.0,0.5,0.0,1.0,2.5,0.0,,12.6,2,2,1,1,1,1,N,1,,,107,137,Manhattan,Gramercy,Yellow Zone,Manhattan,Kips Bay,Yellow Zone,2.1,1,1.1314021114911006,yellow_tripdata_2024-03.parquet,https://d37ci6vzurychx.cloudfront.net/trip-data/yellow_tripdata_2024-03.parquet,train
yellow,2025-04-29 16:31:21,2025-04-29 16:50:23,2025,4,2025-04,29,16,1,0,evening,test,19.033333333333335,1.58,17.0,2.5,0.5,0.0,1.0,2.5,0.0,0.75,29.1,2,2,1,1,1,1,N,1,,,140,43,Manhattan,Lenox Hill East,Yellow Zone,Manhattan,Central Park,Yellow Zone,4.85,1,1.766441661243765,yellow_tripdata_2025-04.parquet,https://d37ci6vzurychx.cloudfront.net/trip-data/yellow_tripdata_2025-04.parquet,train
yellow,2024-10-07 07:40:42,2024-10-07 07:54:52,2024,10,2024-10,7,7,0,0,morning,valid,14.166666666666666,3.0,16.3,0.0,0.5,0.0,1.0,2.5,0.0,,23.0,2,2,1,1,1,1,N,1,,,151,50,Manhattan,Manhattan Valley,Yellow Zone,Manhattan,Clinton West,Yellow Zone,2.7,1,1.308332819650179,yellow_tripdata_2024-10.parquet,https://d37ci6vzurychx.cloudfront.net/trip-data/yellow_tripdata_2024-10.parquet,valid
yellow,2024-10-02 18:03:14,2024-10-02 18:17:50,2024,10,2024-10,2,18,2,0,evening,valid,14.6,1.77,14.2,2.5,0.5,0.0,1.0,2.5,0.0,,25.88,2,2,1,1,1,1,N,1,,,68,162,Manhattan,East Chelsea,Yellow Zone,Manhattan,Midtown East,Yellow Zone,5.18,1,1.8213182714695995,yellow_tripdata_2024-10.parquet,https://d37ci6vzurychx.cloudfront.net/trip-data/yellow_tripdata_2024-10.parquet,valid
yellow,2025-02-27 09:16:13,2025-02-27 09:21:49,2025,2,2025-02,27,9,3,0,morning,test,5.6,0.4,5.1,2.5,0.5,0.0,1.0,2.5,0.0,0.0,10.6,1,1,1,1,1,1,N,1,,,236,236,Manhattan,Upper East Side North,Yellow Zone,Manhattan,Upper East Side North,Yellow Zone,1.5,1,0.9162907318741551,yellow_tripdata_2025-02.parquet,https://d37ci6vzurychx.cloudfront.net/trip-data/yellow_tripdata_2025-02.parquet,train
yellow,2024-04-21 22:44:08,2024-04-21 23:10:00,2024,4,2024-04,21,22,6,1,night,train,25.866666666666667,10.79,46.4,6.0,0.5,6.94,1.0,0.0,1.75,,74.76,2,2,1,1,1,1,N,1,,,138,235,Queens,LaGuardia Airport,Airports,Bronx,University Heights/Morris Heights,Boro Zone,12.17,1,2.5779415157551897,yellow_tripdata_2024-04.parquet,https://d37ci6vzurychx.cloudfront.net/trip-data/yellow_tripdata_2024-04.parquet,train
yellow,2024-11-22 18:10:19,2024-11-22 18:16:34,2024,11,2024-11,22,18,4,0,evening,valid,6.25,0.79,7.2,2.5,0.5,0.0,1.0,2.5,0.0,,14.7,2,2,1,1,1,1,N,1,,,142,50,Manhattan,Lincoln Square East,Yellow Zone,Manhattan,Clinton West,Yellow Zone,1.0,1,0.6931471805599453,yellow_tripdata_2024-11.parquet,https://d37ci6vzurychx.cloudfront.net/trip-data/yellow_tripdata_2024-11.parquet,test
yellow,2025-01-04 10:54:45,2025-01-04 11:12:50,2025,1,2025-01,4,10,5,1,morning,test,18.083333333333332,2.7,17.7,2.5,0.5,0.0,1.0,2.5,0.0,0.0,26.04,1,1,1,1,1,1,N,1,,,13,90,Manhattan,Battery Park City,Yellow Zone,Manhattan,Flatiron,Yellow Zone,4.34,1,1.6752256529721035,yellow_tripdata_2025-01.parquet,https://d37ci6vzurychx.cloudfront.net/trip-data/yellow_tripdata_2025-01.parquet,train
yellow,2025-11-26 06:54:58,2025-11-26 07:47:31,2025,11,2025-11,26,6,2,0,morning,test,52.55,16.21,70.0,0.0,0.5,6.94,1.0,2.5,1.75,0.75,95.44,2,2,1,1,2,2,N,1,,,132,170,Queens,JFK Airport,Airports,Manhattan,Murray Hill,Yellow Zone,12.0,1,2.5649493574615367,yellow_tripdata_2025-11.parquet,https://d37ci6vzurychx.cloudfront.net/trip-data/yellow_tripdata_2025-11.parquet,test
yellow,2024-04-02 21:51:45,2024-04-02 22:03:31,2024,4,2024-04,2,21,1,0,night,train,11.766666666666667,2.03,13.5,1.0,0.5,0.0,1.0,2.5,0.0,,22.2,2,2,2,2,1,1,N,1,,,114,233,Manhattan,Greenwich Village South,Yellow Zone,Manhattan,UN/Turtle Bay South,Yellow Zone,3.7,1,1.547562508716013,yellow_tripdata_2024-04.parquet,https://d37ci6vzurychx.cloudfront.net/trip-data/yellow_tripdata_2024-04.parquet,train
yellow,2025-10-30 17:58:17,2025-10-30 18:12:14,2025,10,2025-10,30,17,3,0,evening,test,13.95,1.34,13.5,2.5,0.5,0.0,1.0,2.5,0.0,0.75,24.75,2,2,1,1,1,1,N,1,,,186,163,Manhattan,Penn Station/Madison Sq West,Yellow Zone,Manhattan,Midtown North,Yellow Zone,4.0,1,1.6094379124341003,yellow_tripdata_2025-10.parquet,https://d37ci6vzurychx.cloudfront.net/trip-data/yellow_tripdata_2025-10.parquet,valid
yellow,2024-08-02 01:21:43,2024-08-02 01:32:12,2024,8,2024-08,2,1,4,0,night,train,10.483333333333333,3.91,17.0,1.0,0.5,0.0,1.0,2.5,0.0,,24.0,2,2,1,1,1,1,N,1,,,170,74,Manhattan,Murray Hill,Yellow Zone,Manhattan,East Harlem North,Boro Zone,2.0,1,1.0986122886681098,yellow_tripdata_2024-08.parquet,https://d37ci6vzurychx.cloudfront.net/trip-data/yellow_tripdata_2024-08.parquet,train
yellow,2024-03-13 16:28:33,2024-03-13 16:45:32,2024,3,2024-03,13,16,2,0,evening,train,16.983333333333334,1.45,14.9,2.5,0.5,0.0,1.0,2.5,0.0,,25.68,2,2,3,3,1,1,N,1,,,230,164,Manhattan,Times Sq/Theatre District,Yellow Zone,Manhattan,Midtown South,Yellow Zone,4.28,1,1.6639260977181702,yellow_tripdata_2024-03.parquet,https://d37ci6vzurychx.cloudfront.net/trip-data/yellow_tripdata_2024-03.parquet,train
yellow,2024-10-30 09:19:05,2024-10-30 09:32:21,2024,10,2024-10,30,9,2,0,morning,valid,13.266666666666667,1.74,13.5,0.0,0.5,0.0,1.0,2.5,0.0,,21.0,2,2,2,2,1,1,N,1,,,79,186,Manhattan,East Village,Yellow Zone,Manhattan,Penn Station/Madison Sq West,Yellow Zone,3.5,1,1.5040773967762742,yellow_tripdata_2024-10.parquet,https://d37ci6vzurychx.cloudfront.net/trip-data/yellow_tripdata_2024-10.parquet,valid
yellow,2025-03-10 21:35:27,2025-03-10 21:40:14,2025,3,2025-03,10,21,0,0,night,test,4.783333333333333,1.1,7.9,4.25,0.5,0.0,1.0,2.5,0.0,0.75,14.65,1,1,1,1,1,1,N,1,,,249,246,Manhattan,West Village,Yellow Zone,Manhattan,West Chelsea/Hudson Yards,Yellow Zone,1.0,1,0.6931471805599453,yellow_tripdata_2025-03.parquet,https://d37ci6vzurychx.cloudfront.net/trip-data/yellow_tripdata_2025-03.parquet,train
yellow,2024-08-31 23:49:20,2024-09-01 00:14:33,2024,8,2024-08,31,23,5,1,night,train,25.216666666666665,4.1,25.4,3.5,0.5,0.0,1.0,2.5,0.0,,36.45,1,1,3,3,1,1,N,1,,,234,140,Manhattan,Union Sq,Yellow Zone,Manhattan,Lenox Hill East,Yellow Zone,6.05,1,1.9530276168241774,yellow_tripdata_2024-08.parquet,https://d37ci6vzurychx.cloudfront.net/trip-data/yellow_tripdata_2024-08.parquet,train
yellow,2025-05-08 22:25:58,2025-05-08 23:03:45,2025,5,2025-05,8,22,3,0,night,test,37.78333333333333,17.4,70.0,3.25,0.5,6.94,1.0,2.5,0.0,0.75,91.69,1,1,1,1,2,2,N,1,,,132,163,Queens,JFK Airport,Airports,Manhattan,Midtown North,Yellow Zone,10.0,1,2.3978952727983707,yellow_tripdata_2025-05.parquet,https://d37ci6vzurychx.cloudfront.net/trip-data/yellow_tripdata_2025-05.parquet,train
yellow,2025-02-14 15:24:33,2025-02-14 16:47:18,2025,2,2025-02,14,15,4,0,midday,test,82.75,16.7,80.7,5.0,0.5,0.0,1.0,0.0,1.75,0.0,106.39,2,2,2,2,1,1,N,1,,,138,67,Queens,LaGuardia Airport,Airports,Brooklyn,Dyker Heights,Boro Zone,17.44,1,2.914522218128448,yellow_tripdata_2025-02.parquet,https://d37ci6vzurychx.cloudfront.net/trip-data/yellow_tripdata_2025-02.parquet,train
yellow,2024-11-27 14:08:09,2024-11-27 14:17:18,2024,11,2024-11,27,14,2,0,midday,valid,9.15,0.47,9.3,0.0,0.5,0.0,1.0,2.5,0.0,,13.3,2,2,1,1,1,1,N,1,,,90,186,Manhattan,Flatiron,Yellow Zone,Manhattan,Penn Station/Madison Sq West,Yellow Zone,0.0,0,0.0,yellow_tripdata_2024-11.parquet,https://d37ci6vzurychx.cloudfront.net/trip-data/yellow_tripdata_2024-11.parquet,test
yellow,2025-05-27 14:15:45,2025-05-27 14:34:21,2025,5,2025-05,27,14,1,0,midday,test,18.6,2.0,17.7,3.25,0.5,0.0,1.0,2.5,0.0,0.75,26.9,1,1,1,1,1,1,N,1,,,43,230,Manhattan,Central Park,Yellow Zone,Manhattan,Times Sq/Theatre District,Yellow Zone,4.45,1,1.6956156086751528,yellow_tripdata_2025-05.parquet,https://d37ci6vzurychx.cloudfront.net/trip-data/yellow_tripdata_2025-05.parquet,train
yellow,2024-08-25 16:45:28,2024-08-25 16:54:54,2024,8,2024-08,25,16,6,1,evening,train,9.433333333333334,2.0,12.1,0.0,0.5,0.0,1.0,2.5,0.0,,19.32,2,2,1,1,1,1,N,1,,,151,142,Manhattan,Manhattan Valley,Yellow Zone,Manhattan,Lincoln Square East,Yellow Zone,3.22,1,1.4398351280479207,yellow_tripdata_2024-08.parquet,https://d37ci6vzurychx.cloudfront.net/trip-data/yellow_tripdata_2024-08.parquet,train
yellow,2025-07-30 13:07:19,2025-07-30 13:21:37,2025,7,2025-07,30,13,2,0,midday,test,14.3,1.95,14.9,0.0,0.5,0.0,1.0,2.5,0.0,0.75,20.65,2,2,1,1,1,1,N,1,,,161,143,Manhattan,Midtown Center,Yellow Zone,Manhattan,Lincoln Square West,Yellow Zone,1.0,1,0.6931471805599453,yellow_tripdata_2025-07.parquet,https://d37ci6vzurychx.cloudfront.net/trip-data/yellow_tripdata_2025-07.parquet,train
yellow,2024-02-04 15:22:07,2024-02-04 15:40:00,2024,2,2024-02,4,15,6,1,midday,train,17.883333333333333,4.4,22.6,0.0,0.5,0.0,1.0,2.5,0.0,,31.92,2,2,1,1,1,1,N,1,,,87,246,Manhattan,Financial District North,Yellow Zone,Manhattan,West Chelsea/Hudson Yards,Yellow Zone,5.32,1,1.843719208158766,yellow_tripdata_2024-02.parquet,https://d37ci6vzurychx.cloudfront.net/trip-data/yellow_tripdata_2024-02.parquet,train
yellow,2025-10-02 05:42:16,2025-10-02 05:53:24,2025,10,2025-10,2,5,3,0,morning,test,11.133333333333333,2.42,14.2,1.0,0.5,0.0,1.0,2.5,0.0,0.75,22.94,2,2,1,1,1,1,N,1,,,230,140,Manhattan,Times Sq/Theatre District,Yellow Zone,Manhattan,Lenox Hill East,Yellow Zone,2.99,1,1.3837912309017721,yellow_tripdata_2025-10.parquet,https://d37ci6vzurychx.cloudfront.net/trip-data/yellow_tripdata_2025-10.parquet,valid
yellow,2025-10-14 10:08:54,2025-10-14 10:19:37,2025,10,2025-10,14,10,1,0,morning,test,10.716666666666667,0.8,10.7,0.0,0.5,0.0,1.0,2.5,0.0,0.75,18.54,2,2,1,1,1,1,N,1,,,100,164,Manhattan,Garment District,Yellow Zone,Manhattan,Midtown South,Yellow Zone,3.09,1,1.4085449700547104,yellow_tripdata_2025-10.parquet,https://d37ci6vzurychx.cloudfront.net/trip-data/yellow_tripdata_2025-10.parquet,valid
yellow,2024-08-14 20:21:21,2024-08-14 20:26:40,2024,8,2024-08,14,20,2,0,evening,train,5.316666666666666,0.5,7.2,1.0,0.5,0.0,1.0,2.5,0.0,,14.64,2,2,1,1,1,1,N,1,,,170,170,Manhattan,Murray Hill,Yellow Zone,Manhattan,Murray Hill,Yellow Zone,2.44,1,1.235471471385307,yellow_tripdata_2024-08.parquet,https://d37ci6vzurychx.cloudfront.net/trip-data/yellow_tripdata_2024-08.parquet,train
yellow,2024-05-25 18:38:11,2024-05-25 19:03:43,2024,5,2024-05,25,18,5,1,evening,train,25.533333333333335,7.36,34.5,0.0,0.5,0.0,1.0,2.5,0.0,,46.2,2,2,1,1,1,1,N,1,,,231,237,Manhattan,TriBeCa/Civic Center,Yellow Zone,Manhattan,Upper East Side South,Yellow Zone,7.7,1,2.163323025660538,yellow_tripdata_2024-05.parquet,https://d37ci6vzurychx.cloudfront.net/trip-data/yellow_tripdata_2024-05.parquet,train
yellow,2024-02-26 14:58:07,2024-02-26 15:23:57,2024,2,2024-02,26,14,0,0,midday,train,25.833333333333332,8.7,34.5,0.0,0.5,0.0,1.0,0.0,0.0,,36.0,1,1,1,1,99,99,N,1,,,141,173,Manhattan,Lenox Hill West,Yellow Zone,Queens,North Corona,Boro Zone,0.0,0,0.0,yellow_tripdata_2024-02.parquet,https://d37ci6vzurychx.cloudfront.net/trip-data/yellow_tripdata_2024-02.parquet,train
yellow,2025-08-17 14:26:02,2025-08-17 14:36:43,2025,8,2025-08,17,14,6,1,midday,test,10.683333333333334,1.74,12.1,0.0,0.5,0.0,1.0,2.5,0.0,0.75,20.22,2,2,1,1,1,1,N,1,,,79,170,Manhattan,East Village,Yellow Zone,Manhattan,Murray Hill,Yellow Zone,3.37,1,1.4747630091074988,yellow_tripdata_2025-08.parquet,https://d37ci6vzurychx.cloudfront.net/trip-data/yellow_tripdata_2025-08.parquet,train
yellow,2025-05-23 00:35:31,2025-05-23 00:44:44,2025,5,2025-05,23,0,4,0,night,test,9.216666666666667,1.35,10.7,1.0,0.5,0.0,1.0,2.5,0.0,0.0,17.2,2,2,1,1,1,1,N,1,,,237,143,Manhattan,Upper East Side South,Yellow Zone,Manhattan,Lincoln Square West,Yellow Zone,1.5,1,0.9162907318741551,yellow_tripdata_2025-05.parquet,https://d37ci6vzurychx.cloudfront.net/trip-data/yellow_tripdata_2025-05.parquet,train
yellow,2025-01-21 14:54:48,2025-01-21 15:00:56,2025,1,2025-01,21,14,1,0,midday,test,6.133333333333334,0.6,7.2,0.0,0.5,0.0,1.0,2.5,0.0,0.0,13.44,2,2,1,1,1,1,N,1,,,143,143,Manhattan,Lincoln Square West,Yellow Zone,Manhattan,Lincoln Square West,Yellow Zone,2.24,1,1.1755733298042381,yellow_tripdata_2025-01.parquet,https://d37ci6vzurychx.cloudfront.net/trip-data/yellow_tripdata_2025-01.parquet,train
yellow,2024-11-23 17:12:47,2024-11-23 17:45:13,2024,11,2024-11,23,17,5,1,evening,valid,32.43333333333333,9.2,39.4,9.25,0.5,6.94,1.0,2.5,1.75,,68.5,1,1,1,1,1,1,N,1,,,138,107,Queens,LaGuardia Airport,Airports,Manhattan,Gramercy,Yellow Zone,11.41,1,2.5185025992165158,yellow_tripdata_2024-11.parquet,https://d37ci6vzurychx.cloudfront.net/trip-data/yellow_tripdata_2024-11.parquet,test
yellow,2025-11-23 16:47:55,2025-11-23 17:11:05,2025,11,2025-11,23,16,6,1,evening,test,23.166666666666668,4.79,27.5,0.0,0.5,0.0,1.0,2.5,0.0,0.0,36.22,2,2,1,1,1,1,N,1,,,246,43,Manhattan,West Chelsea/Hudson Yards,Yellow Zone,Manhattan,Central Park,Yellow Zone,4.72,1,1.7439688053917064,yellow_tripdata_2025-11.parquet,https://d37ci6vzurychx.cloudfront.net/trip-data/yellow_tripdata_2025-11.parquet,test
yellow,2025-09-27 14:24:24,2025-09-27 14:46:27,2025,9,2025-09,27,14,5,1,midday,test,22.05,2.8,21.5,0.0,0.5,0.0,0.0,0.0,0.0,0.0,22.0,1,1,1,1,99,99,N,1,,,117,86,Queens,Hammels/Arverne,Boro Zone,Queens,Far Rockaway,Boro Zone,0.0,0,0.0,yellow_tripdata_2025-09.parquet,https://d37ci6vzurychx.cloudfront.net/trip-data/yellow_tripdata_2025-09.parquet,train
yellow,2025-01-15 12:05:11,2025-01-15 12:18:17,2025,1,2025-01,15,12,2,0,midday,test,13.1,1.54,13.5,0.0,0.5,0.0,1.0,2.5,0.0,0.75,21.9,2,2,1,1,1,1,N,1,,,163,237,Manhattan,Midtown North,Yellow Zone,Manhattan,Upper East Side South,Yellow Zone,3.65,1,1.536867219599265,yellow_tripdata_2025-01.parquet,https://d37ci6vzurychx.cloudfront.net/trip-data/yellow_tripdata_2025-01.parquet,train
yellow,2024-09-21 15:33:19,2024-09-21 16:13:08,2024,9,2024-09,21,15,5,1,midday,train,39.81666666666667,6.56,39.4,0.0,0.5,0.0,1.0,2.5,0.0,,51.21,2,2,1,1,1,1,N,1,,,13,161,Manhattan,Battery Park City,Yellow Zone,Manhattan,Midtown Center,Yellow Zone,7.81,1,2.175887439948088,yellow_tripdata_2024-09.parquet,https://d37ci6vzurychx.cloudfront.net/trip-data/yellow_tripdata_2024-09.parquet,train
yellow,2024-09-18 07:38:57,2024-09-18 07:46:06,2024,9,2024-09,18,7,2,0,morning,train,7.15,1.78,10.0,0.0,0.5,0.0,1.0,2.5,0.0,,15.4,2,2,1,1,1,1,N,1,,,75,239,Manhattan,East Harlem South,Boro Zone,Manhattan,Upper West Side South,Yellow Zone,1.4,1,0.8754687373538999,yellow_tripdata_2024-09.parquet,https://d37ci6vzurychx.cloudfront.net/trip-data/yellow_tripdata_2024-09.parquet,train
yellow,2025-09-02 12:07:58,2025-09-02 12:31:46,2025,9,2025-09,2,12,1,0,midday,test,23.8,4.35,26.1,0.0,0.5,0.0,1.0,2.5,0.0,0.75,33.85,2,2,1,1,1,1,N,1,,,262,90,Manhattan,Yorkville East,Yellow Zone,Manhattan,Flatiron,Yellow Zone,3.0,1,1.3862943611198906,yellow_tripdata_2025-09.parquet,https://d37ci6vzurychx.cloudfront.net/trip-data/yellow_tripdata_2025-09.parquet,train
yellow,2025-05-19 23:12:26,2025-05-19 23:25:07,2025,5,2025-05,19,23,0,0,night,test,12.683333333333334,2.67,14.9,1.0,0.5,0.0,1.0,2.5,0.0,0.75,25.81,2,2,1,1,1,1,N,1,,,239,233,Manhattan,Upper West Side South,Yellow Zone,Manhattan,UN/Turtle Bay South,Yellow Zone,5.16,1,1.8180767775454285,yellow_tripdata_2025-05.parquet,https://d37ci6vzurychx.cloudfront.net/trip-data/yellow_tripdata_2025-05.parquet,train
yellow,2024-03-12 23:10:18,2024-03-12 23:39:26,2024,3,2024-03,12,23,1,0,night,train,29.133333333333333,6.39,31.0,1.0,0.5,0.0,1.0,2.5,0.0,,45.0,2,2,1,1,1,1,N,1,,,142,52,Manhattan,Lincoln Square East,Yellow Zone,Brooklyn,Cobble Hill,Boro Zone,9.0,1,2.302585092994046,yellow_tripdata_2024-03.parquet,https://d37ci6vzurychx.cloudfront.net/trip-data/yellow_tripdata_2024-03.parquet,train
yellow,2025-10-30 20:58:19,2025-10-30 21:20:42,2025,10,2025-10,30,20,3,0,evening,test,22.383333333333333,2.45,20.5,1.0,0.5,0.0,1.0,2.5,0.0,0.75,32.81,2,2,1,1,1,1,N,1,,,107,229,Manhattan,Gramercy,Yellow Zone,Manhattan,Sutton Place/Turtle Bay North,Yellow Zone,6.56,1,2.0228711901914416,yellow_tripdata_2025-10.parquet,https://d37ci6vzurychx.cloudfront.net/trip-data/yellow_tripdata_2025-10.parquet,valid
yellow,2024-10-30 09:23:58,2024-10-30 09:36:19,2024,10,2024-10,30,9,2,0,morning,valid,12.35,2.28,14.2,0.0,0.5,0.0,1.0,2.5,0.0,,21.84,2,2,1,1,1,1,N,1,,,236,142,Manhattan,Upper East Side North,Yellow Zone,Manhattan,Lincoln Square East,Yellow Zone,3.64,1,1.534714366238164,yellow_tripdata_2024-10.parquet,https://d37ci6vzurychx.cloudfront.net/trip-data/yellow_tripdata_2024-10.parquet,valid
yellow,2024-01-19 16:08:52,2024-01-19 16:16:10,2024,1,2024-01,19,16,4,0,evening,train,7.3,1.04,8.6,2.5,0.5,0.0,1.0,2.5,0.0,,18.12,2,2,1,1,1,1,N,1,,,239,236,Manhattan,Upper West Side South,Yellow Zone,Manhattan,Upper East Side North,Yellow Zone,3.02,1,1.3912819026309295,yellow_tripdata_2024-01.parquet,https://d37ci6vzurychx.cloudfront.net/trip-data/yellow_tripdata_2024-01.parquet,train
yellow,2024-10-25 12:49:43,2024-10-25 12:51:35,2024,10,2024-10,25,12,4,0,midday,valid,1.8666666666666667,0.4,4.4,0.0,0.5,0.0,1.0,2.5,0.0,,9.4,2,2,1,1,1,1,N,1,,,229,161,Manhattan,Sutton Place/Turtle Bay North,Yellow Zone,Manhattan,Midtown Center,Yellow Zone,1.0,1,0.6931471805599453,yellow_tripdata_2024-10.parquet,https://d37ci6vzurychx.cloudfront.net/trip-data/yellow_tripdata_2024-10.parquet,valid
yellow,2025-03-12 08:53:02,2025-03-12 09:08:11,2025,3,2025-03,12,8,2,0,morning,test,15.15,2.67,16.3,0.0,0.5,0.0,1.0,2.5,0.0,0.75,25.26,2,2,1,1,1,1,N,1,,,238,230,Manhattan,Upper West Side North,Yellow Zone,Manhattan,Times Sq/Theatre District,Yellow Zone,4.21,1,1.6505798557652755,yellow_tripdata_2025-03.parquet,https://d37ci6vzurychx.cloudfront.net/trip-data/yellow_tripdata_2025-03.parquet,train
yellow,2025-06-24 19:48:14,2025-06-24 20:08:14,2025,6,2025-06,24,19,1,0,evening,test,20.0,5.8,27.5,0.0,0.5,0.0,0.0,0.0,0.0,0.0,28.0,1,1,1,1,99,99,N,1,,,134,35,Queens,Kew Gardens,Boro Zone,Brooklyn,Brownsville,Boro Zone,0.0,0,0.0,yellow_tripdata_2025-06.parquet,https://d37ci6vzurychx.cloudfront.net/trip-data/yellow_tripdata_2025-06.parquet,train
yellow,2025-06-10 22:33:00,2025-06-10 22:41:40,2025,6,2025-06,10,22,1,0,night,test,8.666666666666666,1.35,10.0,1.0,0.5,0.0,1.0,2.5,0.0,0.75,16.75,2,2,1,1,1,1,N,1,,,90,79,Manhattan,Flatiron,Yellow Zone,Manhattan,East Village,Yellow Zone,1.0,1,0.6931471805599453,yellow_tripdata_2025-06.parquet,https://d37ci6vzurychx.cloudfront.net/trip-data/yellow_tripdata_2025-06.parquet,train
yellow,2024-07-02 18:39:34,2024-07-02 18:55:55,2024,7,2024-07,2,18,1,0,evening,train,16.35,1.94,15.6,2.5,0.5,0.0,1.0,2.5,0.0,,27.62,2,2,2,2,1,1,N,1,,,237,107,Manhattan,Upper East Side South,Yellow Zone,Manhattan,Gramercy,Yellow Zone,5.52,1,1.8748743759385615,yellow_tripdata_2024-07.parquet,https://d37ci6vzurychx.cloudfront.net/trip-data/yellow_tripdata_2024-07.parquet,train
yellow,2025-10-10 18:06:13,2025-10-10 18:26:42,2025,10,2025-10,10,18,4,0,evening,test,20.483333333333334,3.1,19.8,5.0,0.5,0.0,1.0,2.5,0.0,0.0,29.19,1,1,1,1,1,1,N,1,,,238,42,Manhattan,Upper West Side North,Yellow Zone,Manhattan,Central Harlem North,Boro Zone,2.89,1,1.358409157630355,yellow_tripdata_2025-10.parquet,https://d37ci6vzurychx.cloudfront.net/trip-data/yellow_tripdata_2025-10.parquet,valid
yellow,2024-09-06 10:32:33,2024-09-06 11:05:53,2024,9,2024-09,6,10,4,0,morning,train,33.333333333333336,2.16,28.2,0.0,0.5,0.0,1.0,2.5,0.0,,38.64,2,2,1,1,1,1,N,1,,,237,234,Manhattan,Upper East Side South,Yellow Zone,Manhattan,Union Sq,Yellow Zone,6.44,1,2.0068708488450007,yellow_tripdata_2024-09.parquet,https://d37ci6vzurychx.cloudfront.net/trip-data/yellow_tripdata_2024-09.parquet,train
yellow,2025-04-23 22:41:12,2025-04-23 22:47:33,2025,4,2025-04,23,22,2,0,night,test,6.35,1.19,8.6,1.0,0.5,0.0,1.0,2.5,0.0,0.75,17.22,2,2,2,2,1,1,N,1,,,229,170,Manhattan,Sutton Place/Turtle Bay North,Yellow Zone,Manhattan,Murray Hill,Yellow Zone,2.87,1,1.3532545070416904,yellow_tripdata_2025-04.parquet,https://d37ci6vzurychx.cloudfront.net/trip-data/yellow_tripdata_2025-04.parquet,train
yellow,2025-02-16 13:53:18,2025-02-16 14:15:55,2025,2,2025-02,16,13,6,1,midday,test,22.616666666666667,4.0,24.0,3.25,0.5,0.0,1.0,2.5,0.0,0.75,32.2,1,1,0,Unknown,1,1,N,1,,,234,239,Manhattan,Union Sq,Yellow Zone,Manhattan,Upper West Side South,Yellow Zone,3.45,1,1.4929040961781488,yellow_tripdata_2025-02.parquet,https://d37ci6vzurychx.cloudfront.net/trip-data/yellow_tripdata_2025-02.parquet,train
yellow,2024-04-12 07:44:47,2024-04-12 07:51:05,2024,4,2024-04,12,7,4,0,morning,train,6.3,0.8,7.2,2.5,0.5,0.0,1.0,2.5,0.0,,13.45,1,1,1,1,1,1,N,1,,,163,161,Manhattan,Midtown North,Yellow Zone,Manhattan,Midtown Center,Yellow Zone,2.25,1,1.1786549963416462,yellow_tripdata_2024-04.parquet,https://d37ci6vzurychx.cloudfront.net/trip-data/yellow_tripdata_2024-04.parquet,train
yellow,2024-04-12 22:55:42,2024-04-12 23:17:13,2024,4,2024-04,12,22,4,0,night,train,21.516666666666666,2.28,19.8,1.0,0.5,0.0,1.0,2.5,0.0,,27.28,2,2,1,1,1,1,N,1,,,234,48,Manhattan,Union Sq,Yellow Zone,Manhattan,Clinton East,Yellow Zone,2.48,1,1.247032293786383,yellow_tripdata_2024-04.parquet,https://d37ci6vzurychx.cloudfront.net/trip-data/yellow_tripdata_2024-04.parquet,train
yellow,2024-12-14 11:26:37,2024-12-14 11:31:02,2024,12,2024-12,14,11,5,1,midday,valid,4.416666666666667,0.7,6.5,0.0,0.5,0.0,1.0,2.5,0.0,,12.6,2,2,1,1,1,1,N,1,,,234,186,Manhattan,Union Sq,Yellow Zone,Manhattan,Penn Station/Madison Sq West,Yellow Zone,2.1,1,1.1314021114911006,yellow_tripdata_2024-12.parquet,https://d37ci6vzurychx.cloudfront.net/trip-data/yellow_tripdata_2024-12.parquet,test
yellow,2024-04-19 19:12:00,2024-04-19 19:25:14,2024,4,2024-04,19,19,4,0,evening,train,13.233333333333333,2.1,12.8,5.0,0.5,0.0,1.0,2.5,0.0,,20.8,1,1,1,1,1,1,N,1,,,230,246,Manhattan,Times Sq/Theatre District,Yellow Zone,Manhattan,West Chelsea/Hudson Yards,Yellow Zone,1.5,1,0.9162907318741551,yellow_tripdata_2024-04.parquet,https://d37ci6vzurychx.cloudfront.net/trip-data/yellow_tripdata_2024-04.parquet,train
yellow,2024-11-04 12:33:49,2024-11-04 13:10:01,2024,11,2024-11,4,12,0,0,midday,valid,36.2,17.4,66.7,2.5,0.5,0.0,1.0,2.5,0.0,,80.7,1,1,0,Unknown,1,1,N,1,,,233,55,Manhattan,UN/Turtle Bay South,Yellow Zone,Brooklyn,Coney Island,Boro Zone,10.0,1,2.3978952727983707,yellow_tripdata_2024-11.parquet,https://d37ci6vzurychx.cloudfront.net/trip-data/yellow_tripdata_2024-11.parquet,test
yellow,2024-12-14 10:10:55,2024-12-14 10:21:10,2024,12,2024-12,14,10,5,1,morning,valid,10.25,1.7,11.4,2.5,0.5,0.0,1.0,2.5,0.0,,18.4,1,1,2,2,1,1,N,1,,,161,43,Manhattan,Midtown Center,Yellow Zone,Manhattan,Central Park,Yellow Zone,3.0,1,1.3862943611198906,yellow_tripdata_2024-12.parquet,https://d37ci6vzurychx.cloudfront.net/trip-data/yellow_tripdata_2024-12.parquet,test
yellow,2025-01-17 20:34:34,2025-01-17 20:49:41,2025,1,2025-01,17,20,4,0,evening,test,15.116666666666667,1.81,14.9,1.0,0.5,0.0,1.0,2.5,0.0,0.75,24.78,2,2,1,1,1,1,N,1,,,234,230,Manhattan,Union Sq,Yellow Zone,Manhattan,Times Sq/Theatre District,Yellow Zone,4.13,1,1.6351056591826783,yellow_tripdata_2025-01.parquet,https://d37ci6vzurychx.cloudfront.net/trip-data/yellow_tripdata_2025-01.parquet,train
yellow,2024-04-17 10:43:41,2024-04-17 10:57:00,2024,4,2024-04,17,10,2,0,morning,train,13.316666666666666,1.1,11.4,2.5,0.5,0.0,1.0,2.5,0.0,,18.5,1,1,1,1,1,1,N,1,,,237,236,Manhattan,Upper East Side South,Yellow Zone,Manhattan,Upper East Side North,Yellow Zone,3.1,1,1.410986973710262,yellow_tripdata_2024-04.parquet,https://d37ci6vzurychx.cloudfront.net/trip-data/yellow_tripdata_2024-04.parquet,train
yellow,2024-07-23 11:27:06,2024-07-23 12:18:37,2024,7,2024-07,23,11,1,0,midday,train,51.516666666666666,17.66,70.0,0.0,0.5,6.94,1.0,2.5,0.0,,97.13,2,2,2,2,2,2,N,1,,,163,132,Manhattan,Midtown North,Yellow Zone,Queens,JFK Airport,Airports,16.19,1,2.844327819394758,yellow_tripdata_2024-07.parquet,https://d37ci6vzurychx.cloudfront.net/trip-data/yellow_tripdata_2024-07.parquet,train
yellow,2025-01-29 19:32:02,2025-01-29 20:02:30,2025,1,2025-01,29,19,2,0,evening,test,30.466666666666665,15.77,60.4,2.5,0.5,0.0,1.0,0.0,1.75,0.0,79.03,2,2,1,1,1,1,N,1,,,132,80,Queens,JFK Airport,Airports,Brooklyn,East Williamsburg,Boro Zone,12.88,1,2.6304489550786583,yellow_tripdata_2025-01.parquet,https://d37ci6vzurychx.cloudfront.net/trip-data/yellow_tripdata_2025-01.parquet,train
yellow,2025-06-12 17:43:46,2025-06-12 17:57:03,2025,6,2025-06,12,17,3,0,evening,test,13.283333333333333,1.5,13.5,2.5,0.5,0.0,1.0,2.5,0.0,0.75,23.75,2,2,1,1,1,1,N,1,,,237,141,Manhattan,Upper East Side South,Yellow Zone,Manhattan,Lenox Hill West,Yellow Zone,3.0,1,1.3862943611198906,yellow_tripdata_2025-06.parquet,https://d37ci6vzurychx.cloudfront.net/trip-data/yellow_tripdata_2025-06.parquet,train
yellow,2024-08-01 15:16:28,2024-08-01 15:21:29,2024,8,2024-08,1,15,3,0,midday,train,5.016666666666667,0.5,5.8,2.5,0.5,0.0,1.0,2.5,0.0,,12.8,1,1,1,1,1,1,N,1,,,68,246,Manhattan,East Chelsea,Yellow Zone,Manhattan,West Chelsea/Hudson Yards,Yellow Zone,3.0,1,1.3862943611198906,yellow_tripdata_2024-08.parquet,https://d37ci6vzurychx.cloudfront.net/trip-data/yellow_tripdata_2024-08.parquet,train
yellow,2024-02-03 23:29:58,2024-02-03 23:36:53,2024,2,2024-02,3,23,5,1,night,train,6.916666666666667,1.11,7.9,1.0,0.5,0.0,1.0,2.5,0.0,,15.48,2,2,1,1,1,1,N,1,,,141,162,Manhattan,Lenox Hill West,Yellow Zone,Manhattan,Midtown East,Yellow Zone,2.58,1,1.275362800412609,yellow_tripdata_2024-02.parquet,https://d37ci6vzurychx.cloudfront.net/trip-data/yellow_tripdata_2024-02.parquet,train
yellow,2024-02-12 17:23:28,2024-02-12 17:27:52,2024,2,2024-02,12,17,0,0,evening,train,4.4,0.69,6.5,2.5,0.5,0.0,1.0,2.5,0.0,,15.6,2,2,1,1,1,1,N,1,,,137,233,Manhattan,Kips Bay,Yellow Zone,Manhattan,UN/Turtle Bay South,Yellow Zone,2.6,1,1.2809338454620642,yellow_tripdata_2024-02.parquet,https://d37ci6vzurychx.cloudfront.net/trip-data/yellow_tripdata_2024-02.parquet,train
yellow,2024-05-13 11:43:40,2024-05-13 12:15:29,2024,5,2024-05,13,11,0,0,midday,train,31.816666666666666,10.8,44.3,9.25,0.5,6.94,1.0,2.5,1.75,,80.59,1,1,1,1,1,1,N,1,,,138,161,Queens,LaGuardia Airport,Airports,Manhattan,Midtown Center,Yellow Zone,18.6,1,2.975529566236472,yellow_tripdata_2024-05.parquet,https://d37ci6vzurychx.cloudfront.net/trip-data/yellow_tripdata_2024-05.parquet,train
yellow,2025-01-17 14:20:53,2025-01-17 14:49:21,2025,1,2025-01,17,14,4,0,midday,test,28.466666666666665,1.6,23.3,0.0,0.5,0.0,1.0,2.5,0.0,0.75,33.66,2,2,1,1,1,1,N,1,,,229,237,Manhattan,Sutton Place/Turtle Bay North,Yellow Zone,Manhattan,Upper East Side South,Yellow Zone,5.61,1,1.888583653863595,yellow_tripdata_2025-01.parquet,https://d37ci6vzurychx.cloudfront.net/trip-data/yellow_tripdata_2025-01.parquet,train
yellow,2024-01-23 19:20:37,2024-01-23 19:44:05,2024,1,2024-01,23,19,1,0,evening,train,23.466666666666665,2.88,21.9,2.5,0.5,0.0,1.0,2.5,0.0,,34.08,2,2,1,1,1,1,N,1,,,263,163,Manhattan,Yorkville West,Yellow Zone,Manhattan,Midtown North,Yellow Zone,5.68,1,1.8991179875485542,yellow_tripdata_2024-01.parquet,https://d37ci6vzurychx.cloudfront.net/trip-data/yellow_tripdata_2024-01.parquet,train
yellow,2024-05-01 18:35:04,2024-05-01 18:54:23,2024,5,2024-05,1,18,2,0,evening,train,19.316666666666666,6.8,36.6,4.25,0.5,0.0,1.0,0.0,1.75,,42.35,1,1,1,1,4,4,N,1,,,132,265,Queens,JFK Airport,Airports,Unknown,Outside of NYC,Unknown,0.0,0,0.0,yellow_tripdata_2024-05.parquet,https://d37ci6vzurychx.cloudfront.net/trip-data/yellow_tripdata_2024-05.parquet,train
yellow,2025-09-14 00:42:20,2025-09-14 00:53:03,2025,9,2025-09,14,0,6,1,night,test,10.716666666666667,1.28,11.4,1.0,0.5,0.0,1.0,2.5,0.0,0.75,20.58,2,2,2,2,1,1,N,1,,,261,148,Manhattan,World Trade Center,Yellow Zone,Manhattan,Lower East Side,Yellow Zone,3.43,1,1.4883995840570443,yellow_tripdata_2025-09.parquet,https://d37ci6vzurychx.cloudfront.net/trip-data/yellow_tripdata_2025-09.parquet,train
yellow,2025-11-02 09:43:04,2025-11-02 09:53:38,2025,11,2025-11,2,9,6,1,morning,test,10.566666666666666,2.98,14.2,0.0,0.5,0.0,1.0,2.5,0.0,0.75,22.74,2,2,1,1,1,1,N,1,,,231,230,Manhattan,TriBeCa/Civic Center,Yellow Zone,Manhattan,Times Sq/Theatre District,Yellow Zone,3.79,1,1.5665304114228238,yellow_tripdata_2025-11.parquet,https://d37ci6vzurychx.cloudfront.net/trip-data/yellow_tripdata_2025-11.parquet,test
yellow,2024-06-21 05:46:31,2024-06-21 06:19:43,2024,6,2024-06,21,5,4,0,morning,train,33.2,19.9,70.0,4.25,0.5,6.94,1.0,2.5,1.75,,92.69,1,1,1,1,2,2,N,1,,,132,140,Queens,JFK Airport,Airports,Manhattan,Lenox Hill East,Yellow Zone,10.0,1,2.3978952727983707,yellow_tripdata_2024-06.parquet,https://d37ci6vzurychx.cloudfront.net/trip-data/yellow_tripdata_2024-06.parquet,train
yellow,2025-05-04 03:59:56,2025-05-04 04:18:11,2025,5,2025-05,4,3,6,1,night,test,18.25,3.48,20.5,1.0,0.5,0.0,1.0,2.5,0.0,0.0,30.6,2,2,2,2,1,1,N,1,,,148,68,Manhattan,Lower East Side,Yellow Zone,Manhattan,East Chelsea,Yellow Zone,5.1,1,1.8082887711792655,yellow_tripdata_2025-05.parquet,https://d37ci6vzurychx.cloudfront.net/trip-data/yellow_tripdata_2025-05.parquet,train
yellow,2024-03-01 20:00:28,2024-03-01 20:04:28,2024,3,2024-03,1,20,4,0,evening,train,4.0,0.55,5.8,1.0,0.5,0.0,1.0,2.5,0.0,,12.96,2,2,1,1,1,1,N,1,,,170,170,Manhattan,Murray Hill,Yellow Zone,Manhattan,Murray Hill,Yellow Zone,2.16,1,1.1505720275988207,yellow_tripdata_2024-03.parquet,https://d37ci6vzurychx.cloudfront.net/trip-data/yellow_tripdata_2024-03.parquet,train
yellow,2024-12-13 21:45:39,2024-12-13 21:52:50,2024,12,2024-12,13,21,4,0,night,valid,7.183333333333334,1.31,9.3,1.0,0.5,0.0,1.0,2.5,0.0,,17.16,2,2,3,3,1,1,N,1,,,236,237,Manhattan,Upper East Side North,Yellow Zone,Manhattan,Upper East Side South,Yellow Zone,2.86,1,1.3506671834767394,yellow_tripdata_2024-12.parquet,https://d37ci6vzurychx.cloudfront.net/trip-data/yellow_tripdata_2024-12.parquet,test
yellow,2024-03-28 00:22:09,2024-03-28 01:05:24,2024,3,2024-03,28,0,3,0,night,train,43.25,25.2,70.0,0.0,0.5,0.0,1.0,2.5,1.75,,90.55,2,2,1,1,2,2,N,1,,,132,141,Queens,JFK Airport,Airports,Manhattan,Lenox Hill West,Yellow Zone,14.8,1,2.760009940032921,yellow_tripdata_2024-03.parquet,https://d37ci6vzurychx.cloudfront.net/trip-data/yellow_tripdata_2024-03.parquet,train
yellow,2024-01-25 20:01:47,2024-01-25 20:25:16,2024,1,2024-01,25,20,3,0,evening,train,23.483333333333334,3.86,22.6,1.0,0.5,0.0,1.0,2.5,0.0,,33.12,2,2,2,2,1,1,N,1,,,170,232,Manhattan,Murray Hill,Yellow Zone,Manhattan,Two Bridges/Seward Park,Yellow Zone,5.52,1,1.8748743759385615,yellow_tripdata_2024-01.parquet,https://d37ci6vzurychx.cloudfront.net/trip-data/yellow_tripdata_2024-01.parquet,train
yellow,2024-01-23 14:44:23,2024-01-23 15:24:22,2024,1,2024-01,23,14,1,0,midday,train,39.983333333333334,9.28,48.5,5.0,0.5,6.94,1.0,2.5,1.75,,79.08,2,2,1,1,1,1,N,1,,,138,230,Queens,LaGuardia Airport,Airports,Manhattan,Times Sq/Theatre District,Yellow Zone,12.89,1,2.6311691567662523,yellow_tripdata_2024-01.parquet,https://d37ci6vzurychx.cloudfront.net/trip-data/yellow_tripdata_2024-01.parquet,train
yellow,2024-11-27 11:01:43,2024-11-27 11:15:14,2024,11,2024-11,27,11,2,0,midday,valid,13.516666666666667,1.05,12.8,0.0,0.5,0.0,1.0,2.5,0.0,,18.48,2,2,1,1,1,1,N,1,,,186,170,Manhattan,Penn Station/Madison Sq West,Yellow Zone,Manhattan,Murray Hill,Yellow Zone,1.68,1,0.9858167945227653,yellow_tripdata_2024-11.parquet,https://d37ci6vzurychx.cloudfront.net/trip-data/yellow_tripdata_2024-11.parquet,test
yellow,2024-12-16 15:28:22,2024-12-16 16:51:28,2024,12,2024-12,16,15,0,0,midday,valid,83.1,19.3,70.0,4.25,0.5,6.94,1.0,2.5,1.75,,89.69,1,1,1,1,2,2,N,1,,,132,263,Queens,JFK Airport,Airports,Manhattan,Yorkville West,Yellow Zone,7.0,1,2.0794415416798357,yellow_tripdata_2024-12.parquet,https://d37ci6vzurychx.cloudfront.net/trip-data/yellow_tripdata_2024-12.parquet,test
yellow,2025-05-23 23:40:32,2025-05-23 23:42:55,2025,5,2025-05,23,23,4,0,night,test,2.3833333333333333,0.39,4.4,1.0,0.5,0.0,1.0,2.5,0.0,0.75,12.18,2,2,1,1,1,1,N,1,,,113,113,Manhattan,Greenwich Village North,Yellow Zone,Manhattan,Greenwich Village North,Yellow Zone,2.03,1,1.1085626195212777,yellow_tripdata_2025-05.parquet,https://d37ci6vzurychx.cloudfront.net/trip-data/yellow_tripdata_2025-05.parquet,train
yellow,2025-04-21 16:27:35,2025-04-21 16:56:46,2025,4,2025-04,21,16,0,0,evening,test,29.183333333333334,4.34,27.5,2.5,0.5,0.0,1.0,2.5,0.0,0.75,43.44,2,2,1,1,1,1,N,1,,,237,231,Manhattan,Upper East Side South,Yellow Zone,Manhattan,TriBeCa/Civic Center,Yellow Zone,8.69,1,2.2710944259026746,yellow_tripdata_2025-04.parquet,https://d37ci6vzurychx.cloudfront.net/trip-data/yellow_tripdata_2025-04.parquet,train
yellow,2024-01-30 19:08:10,2024-01-30 19:30:25,2024,1,2024-01,30,19,1,0,evening,train,22.25,2.26,19.1,2.5,0.5,0.0,1.0,2.5,0.0,,28.1,2,2,1,1,1,1,N,1,,,68,229,Manhattan,East Chelsea,Yellow Zone,Manhattan,Sutton Place/Turtle Bay North,Yellow Zone,2.5,1,1.252762968495368,yellow_tripdata_2024-01.parquet,https://d37ci6vzurychx.cloudfront.net/trip-data/yellow_tripdata_2024-01.parquet,train
yellow,2024-01-06 20:25:21,2024-01-06 20:28:52,2024,1,2024-01,6,20,5,1,evening,train,3.5166666666666666,0.44,5.1,1.0,0.5,0.0,1.0,2.5,0.0,,10.6,2,2,1,1,1,1,N,1,,,230,48,Manhattan,Times Sq/Theatre District,Yellow Zone,Manhattan,Clinton East,Yellow Zone,0.5,1,0.4054651081081644,yellow_tripdata_2024-01.parquet,https://d37ci6vzurychx.cloudfront.net/trip-data/yellow_tripdata_2024-01.parquet,train
yellow,2025-02-05 13:20:51,2025-02-05 13:31:14,2025,2,2025-02,5,13,2,0,midday,test,10.383333333333333,1.47,11.4,0.0,0.5,0.0,1.0,2.5,0.0,0.0,18.48,2,2,1,1,1,1,N,1,,,238,163,Manhattan,Upper West Side North,Yellow Zone,Manhattan,Midtown North,Yellow Zone,3.08,1,1.4060969884160703,yellow_tripdata_2025-02.parquet,https://d37ci6vzurychx.cloudfront.net/trip-data/yellow_tripdata_2025-02.parquet,train
yellow,2025-08-21 11:35:12,2025-08-21 11:42:00,2025,8,2025-08,21,11,3,0,midday,test,6.8,0.97,8.6,0.0,0.5,0.0,1.0,2.5,0.0,0.0,15.12,2,2,2,2,1,1,N,1,,,238,239,Manhattan,Upper West Side North,Yellow Zone,Manhattan,Upper West Side South,Yellow Zone,2.52,1,1.2584609896100056,yellow_tripdata_2025-08.parquet,https://d37ci6vzurychx.cloudfront.net/trip-data/yellow_tripdata_2025-08.parquet,train
yellow,2025-06-19 19:01:39,2025-06-19 19:17:16,2025,6,2025-06,19,19,3,0,evening,test,15.616666666666667,2.3,14.2,5.75,0.5,0.0,1.0,2.5,0.0,0.75,25.74,1,1,1,1,1,1,N,1,,,161,246,Manhattan,Midtown Center,Yellow Zone,Manhattan,West Chelsea/Hudson Yards,Yellow Zone,4.29,1,1.665818245870208,yellow_tripdata_2025-06.parquet,https://d37ci6vzurychx.cloudfront.net/trip-data/yellow_tripdata_2025-06.parquet,train
yellow,2024-12-03 13:56:07,2024-12-03 14:05:05,2024,12,2024-12,3,13,1,0,midday,valid,8.966666666666667,0.9,8.6,2.5,0.5,0.0,1.0,2.5,0.0,,15.1,1,1,2,2,1,1,N,1,,,249,158,Manhattan,West Village,Yellow Zone,Manhattan,Meatpacking/West Village West,Yellow Zone,2.5,1,1.252762968495368,yellow_tripdata_2024-12.parquet,https://d37ci6vzurychx.cloudfront.net/trip-data/yellow_tripdata_2024-12.parquet,test
yellow,2025-04-28 17:11:50,2025-04-28 17:23:27,2025,4,2025-04,28,17,0,0,evening,test,11.616666666666667,1.61,12.8,2.5,0.5,0.0,1.0,2.5,0.0,0.75,24.06,2,2,1,1,1,1,N,1,,,237,161,Manhattan,Upper East Side South,Yellow Zone,Manhattan,Midtown Center,Yellow Zone,4.01,1,1.6114359150967734,yellow_tripdata_2025-04.parquet,https://d37ci6vzurychx.cloudfront.net/trip-data/yellow_tripdata_2025-04.parquet,train
yellow,2025-03-29 21:52:11,2025-03-29 22:18:41,2025,3,2025-03,29,21,5,1,night,test,26.5,4.48,27.5,1.0,0.5,0.0,1.0,2.5,0.0,0.75,39.9,2,2,4,4,1,1,N,1,,,211,163,Manhattan,SoHo,Yellow Zone,Manhattan,Midtown North,Yellow Zone,6.65,1,2.0347056478384444,yellow_tripdata_2025-03.parquet,https://d37ci6vzurychx.cloudfront.net/trip-data/yellow_tripdata_2025-03.parquet,train
yellow,2024-08-20 10:34:48,2024-08-20 10:50:43,2024,8,2024-08,20,10,1,0,morning,train,15.916666666666666,1.84,15.6,0.0,0.5,0.0,1.0,2.5,0.0,,23.52,2,2,1,1,1,1,N,1,,,239,237,Manhattan,Upper West Side South,Yellow Zone,Manhattan,Upper East Side South,Yellow Zone,3.92,1,1.5933085305042167,yellow_tripdata_2024-08.parquet,https://d37ci6vzurychx.cloudfront.net/trip-data/yellow_tripdata_2024-08.parquet,train
yellow,2025-11-14 18:37:57,2025-11-14 18:49:36,2025,11,2025-11,14,18,4,0,evening,test,11.65,1.25,11.4,2.5,0.5,0.0,1.0,2.5,0.0,0.0,21.48,2,2,2,2,1,1,N,1,,,236,141,Manhattan,Upper East Side North,Yellow Zone,Manhattan,Lenox Hill West,Yellow Zone,3.58,1,1.5216989981260935,yellow_tripdata_2025-11.parquet,https://d37ci6vzurychx.cloudfront.net/trip-data/yellow_tripdata_2025-11.parquet,test
yellow,2024-07-09 21:54:29,2024-07-09 22:36:06,2024,7,2024-07,9,21,1,0,night,train,41.61666666666667,17.59,70.0,0.0,0.5,6.94,1.0,2.5,1.75,,98.88,2,2,1,1,2,2,N,1,,,132,163,Queens,JFK Airport,Airports,Manhattan,Midtown North,Yellow Zone,16.19,1,2.844327819394758,yellow_tripdata_2024-07.parquet,https://d37ci6vzurychx.cloudfront.net/trip-data/yellow_tripdata_2024-07.parquet,train
yellow,2025-05-12 09:59:52,2025-05-12 10:05:48,2025,5,2025-05,12,9,0,0,morning,test,5.933333333333334,0.96,7.9,0.0,0.5,0.0,1.0,0.0,0.0,0.0,11.28,2,2,3,3,1,1,N,1,,,151,151,Manhattan,Manhattan Valley,Yellow Zone,Manhattan,Manhattan Valley,Yellow Zone,1.88,1,1.0577902941478545,yellow_tripdata_2025-05.parquet,https://d37ci6vzurychx.cloudfront.net/trip-data/yellow_tripdata_2025-05.parquet,train
yellow,2024-07-02 21:55:17,2024-07-02 22:08:05,2024,7,2024-07,2,21,1,0,night,train,12.8,2.7,15.6,1.0,0.5,0.0,1.0,0.0,0.0,,21.72,2,2,5,5,1,1,N,1,,,244,24,Manhattan,Washington Heights South,Boro Zone,Manhattan,Bloomingdale,Yellow Zone,3.62,1,1.5303947050936475,yellow_tripdata_2024-07.parquet,https://d37ci6vzurychx.cloudfront.net/trip-data/yellow_tripdata_2024-07.parquet,train
yellow,2024-11-30 11:59:23,2024-11-30 12:21:30,2024,11,2024-11,30,11,5,1,midday,valid,22.116666666666667,10.26,41.5,5.0,0.5,6.94,1.0,2.5,1.75,,69.19,2,2,1,1,1,1,N,1,,,138,237,Queens,LaGuardia Airport,Airports,Manhattan,Upper East Side South,Yellow Zone,10.0,1,2.3978952727983707,yellow_tripdata_2024-11.parquet,https://d37ci6vzurychx.cloudfront.net/trip-data/yellow_tripdata_2024-11.parquet,test
yellow,2024-12-12 06:36:46,2024-12-12 06:41:45,2024,12,2024-12,12,6,3,0,morning,valid,4.983333333333333,1.24,7.9,0.0,0.5,0.0,1.0,2.5,0.0,,13.9,2,2,1,1,1,1,N,1,,,90,170,Manhattan,Flatiron,Yellow Zone,Manhattan,Murray Hill,Yellow Zone,2.0,1,1.0986122886681098,yellow_tripdata_2024-12.parquet,https://d37ci6vzurychx.cloudfront.net/trip-data/yellow_tripdata_2024-12.parquet,test
yellow,2024-10-03 16:20:28,2024-10-03 17:08:59,2024,10,2024-10,3,16,3,0,evening,valid,48.516666666666666,17.64,70.0,5.0,0.5,6.94,1.0,2.5,1.75,,104.88,2,2,2,2,2,2,N,1,,,132,79,Queens,JFK Airport,Airports,Manhattan,East Village,Yellow Zone,17.19,1,2.900871992530031,yellow_tripdata_2024-10.parquet,https://d37ci6vzurychx.cloudfront.net/trip-data/yellow_tripdata_2024-10.parquet,valid
yellow,2024-08-19 15:55:20,2024-08-19 16:20:10,2024,8,2024-08,19,15,0,0,midday,train,24.833333333333332,9.2,39.4,1.75,0.5,0.0,1.0,0.0,1.75,,53.3,1,1,2,2,1,1,N,1,,,132,264,Queens,JFK Airport,Airports,Unknown,Unknown,Unknown,10.65,1,2.4553061800117097,yellow_tripdata_2024-08.parquet,https://d37ci6vzurychx.cloudfront.net/trip-data/yellow_tripdata_2024-08.parquet,train
yellow,2025-01-16 20:14:19,2025-01-16 20:30:54,2025,1,2025-01,16,20,3,0,evening,test,16.583333333333332,2.6,16.3,4.25,0.5,0.0,1.0,2.5,0.0,0.75,26.45,1,1,1,1,1,1,N,1,,,140,100,Manhattan,Lenox Hill East,Yellow Zone,Manhattan,Garment District,Yellow Zone,4.4,1,1.6863989535702288,yellow_tripdata_2025-01.parquet,https://d37ci6vzurychx.cloudfront.net/trip-data/yellow_tripdata_2025-01.parquet,train
yellow,2025-02-17 18:39:49,2025-02-17 18:45:05,2025,2,2025-02,17,18,0,0,evening,test,5.266666666666667,0.69,6.5,0.0,0.5,0.0,1.0,2.5,0.0,0.75,13.5,2,2,1,1,1,1,N,1,,,163,162,Manhattan,Midtown North,Yellow Zone,Manhattan,Midtown East,Yellow Zone,2.25,1,1.1786549963416462,yellow_tripdata_2025-02.parquet,https://d37ci6vzurychx.cloudfront.net/trip-data/yellow_tripdata_2025-02.parquet,train
yellow,2025-01-17 09:19:19,2025-01-17 09:31:53,2025,1,2025-01,17,9,4,0,morning,test,12.566666666666666,1.81,12.8,0.0,0.5,0.0,1.0,0.0,0.0,0.0,17.16,2,2,1,1,1,1,N,1,,,42,74,Manhattan,Central Harlem North,Boro Zone,Manhattan,East Harlem North,Boro Zone,2.86,1,1.3506671834767394,yellow_tripdata_2025-01.parquet,https://d37ci6vzurychx.cloudfront.net/trip-data/yellow_tripdata_2025-01.parquet,train
yellow,2025-06-26 14:57:55,2025-06-26 15:20:18,2025,6,2025-06,26,14,3,0,midday,test,22.383333333333333,1.94,19.8,0.0,0.5,0.0,1.0,2.5,0.0,0.75,29.46,2,2,1,1,1,1,N,1,,,234,231,Manhattan,Union Sq,Yellow Zone,Manhattan,TriBeCa/Civic Center,Yellow Zone,4.91,1,1.776645831418007,yellow_tripdata_2025-06.parquet,https://d37ci6vzurychx.cloudfront.net/trip-data/yellow_tripdata_2025-06.parquet,train
yellow,2024-04-27 15:36:06,2024-04-27 15:58:09,2024,4,2024-04,27,15,5,1,midday,train,22.05,2.89,20.5,0.0,0.5,0.0,1.0,2.5,0.0,,29.4,2,2,2,2,1,1,N,1,,,230,263,Manhattan,Times Sq/Theatre District,Yellow Zone,Manhattan,Yorkville West,Yellow Zone,4.9,1,1.7749523509116738,yellow_tripdata_2024-04.parquet,https://d37ci6vzurychx.cloudfront.net/trip-data/yellow_tripdata_2024-04.parquet,train
yellow,2024-03-24 12:08:43,2024-03-24 13:12:27,2024,3,2024-03,24,12,6,1,midday,train,63.733333333333334,19.98,70.0,0.0,0.5,6.94,1.0,2.5,1.75,,98.88,2,2,2,2,2,2,N,1,,,132,143,Queens,JFK Airport,Airports,Manhattan,Lincoln Square West,Yellow Zone,16.19,1,2.844327819394758,yellow_tripdata_2024-03.parquet,https://d37ci6vzurychx.cloudfront.net/trip-data/yellow_tripdata_2024-03.parquet,train
yellow,2025-04-14 14:37:11,2025-04-14 14:56:59,2025,4,2025-04,14,14,0,0,midday,test,19.8,2.66,18.4,0.0,0.5,0.0,1.0,2.5,0.0,0.75,26.15,2,2,1,1,1,1,N,1,,,164,236,Manhattan,Midtown South,Yellow Zone,Manhattan,Upper East Side North,Yellow Zone,3.0,1,1.3862943611198906,yellow_tripdata_2025-04.parquet,https://d37ci6vzurychx.cloudfront.net/trip-data/yellow_tripdata_2025-04.parquet,train
yellow,2025-01-03 16:09:25,2025-01-03 16:34:39,2025,1,2025-01,3,16,4,0,evening,test,25.233333333333334,5.78,31.7,2.5,0.5,0.0,1.0,2.5,0.0,0.0,45.84,2,2,1,1,1,1,N,1,,,87,100,Manhattan,Financial District North,Yellow Zone,Manhattan,Garment District,Yellow Zone,7.64,1,2.1564025828159643,yellow_tripdata_2025-01.parquet,https://d37ci6vzurychx.cloudfront.net/trip-data/yellow_tripdata_2025-01.parquet,train
yellow,2024-01-14 16:58:42,2024-01-14 17:18:47,2024,1,2024-01,14,16,6,1,evening,train,20.083333333333332,3.5,20.5,0.0,0.5,0.0,1.0,2.5,0.0,,24.5,2,2,1,1,1,1,N,1,,,186,88,Manhattan,Penn Station/Madison Sq West,Yellow Zone,Manhattan,Financial District South,Yellow Zone,0.0,0,0.0,yellow_tripdata_2024-01.parquet,https://d37ci6vzurychx.cloudfront.net/trip-data/yellow_tripdata_2024-01.parquet,train
yellow,2025-10-08 22:02:53,2025-10-08 22:26:15,2025,10,2025-10,8,22,2,0,night,test,23.366666666666667,3.64,23.3,1.0,0.5,0.0,1.0,2.5,0.0,0.75,34.28,2,2,1,1,1,1,N,1,,,113,141,Manhattan,Greenwich Village North,Yellow Zone,Manhattan,Lenox Hill West,Yellow Zone,5.23,1,1.8293763327993617,yellow_tripdata_2025-10.parquet,https://d37ci6vzurychx.cloudfront.net/trip-data/yellow_tripdata_2025-10.parquet,valid
yellow,2024-03-29 13:09:12,2024-03-29 13:28:17,2024,3,2024-03,29,13,4,0,midday,train,19.083333333333332,2.07,17.7,0.0,0.5,0.0,1.0,2.5,0.0,,26.04,2,2,1,1,1,1,N,1,,,164,50,Manhattan,Midtown South,Yellow Zone,Manhattan,Clinton West,Yellow Zone,4.34,1,1.6752256529721035,yellow_tripdata_2024-03.parquet,https://d37ci6vzurychx.cloudfront.net/trip-data/yellow_tripdata_2024-03.parquet,train
yellow,2024-02-19 21:14:46,2024-02-19 21:21:27,2024,2,2024-02,19,21,0,0,night,train,6.683333333333334,1.34,9.3,1.0,0.5,0.0,1.0,2.5,0.0,,17.16,2,2,1,1,1,1,N,1,,,48,142,Manhattan,Clinton East,Yellow Zone,Manhattan,Lincoln Square East,Yellow Zone,2.86,1,1.3506671834767394,yellow_tripdata_2024-02.parquet,https://d37ci6vzurychx.cloudfront.net/trip-data/yellow_tripdata_2024-02.parquet,train
yellow,2025-03-20 08:10:44,2025-03-20 08:53:19,2025,3,2025-03,20,8,3,0,morning,test,42.583333333333336,11.16,54.8,0.0,0.5,0.0,1.0,2.5,0.0,0.0,70.56,2,2,3,3,1,1,N,1,,,263,126,Manhattan,Yorkville West,Yellow Zone,Bronx,Hunts Point,Boro Zone,11.76,1,2.546315277916644,yellow_tripdata_2025-03.parquet,https://d37ci6vzurychx.cloudfront.net/trip-data/yellow_tripdata_2025-03.parquet,train
yellow,2025-05-22 14:54:02,2025-05-22 15:16:16,2025,5,2025-05,22,14,3,0,midday,test,22.233333333333334,2.2,19.1,3.25,0.5,0.0,1.0,2.5,0.0,0.75,28.6,1,1,1,1,1,1,N,1,,,142,236,Manhattan,Lincoln Square East,Yellow Zone,Manhattan,Upper East Side North,Yellow Zone,4.75,1,1.749199854809259,yellow_tripdata_2025-05.parquet,https://d37ci6vzurychx.cloudfront.net/trip-data/yellow_tripdata_2025-05.parquet,train
yellow,2025-07-09 10:12:59,2025-07-09 10:27:35,2025,7,2025-07,9,10,2,0,morning,test,14.6,1.78,14.9,0.0,0.5,0.0,1.0,2.5,0.0,0.0,22.68,2,2,2,2,1,1,N,1,,,75,237,Manhattan,East Harlem South,Boro Zone,Manhattan,Upper East Side South,Yellow Zone,3.78,1,1.5644405465033644,yellow_tripdata_2025-07.parquet,https://d37ci6vzurychx.cloudfront.net/trip-data/yellow_tripdata_2025-07.parquet,train
yellow,2025-01-18 13:50:27,2025-01-18 14:13:15,2025,1,2025-01,18,13,5,1,midday,test,22.8,3.59,23.3,0.0,0.5,0.0,1.0,2.5,0.0,0.75,32.05,2,2,1,1,1,1,N,1,,,262,230,Manhattan,Yorkville East,Yellow Zone,Manhattan,Times Sq/Theatre District,Yellow Zone,4.0,1,1.6094379124341003,yellow_tripdata_2025-01.parquet,https://d37ci6vzurychx.cloudfront.net/trip-data/yellow_tripdata_2025-01.parquet,train
yellow,2024-08-19 15:19:40,2024-08-19 15:22:58,2024,8,2024-08,19,15,0,0,midday,train,3.3,0.35,5.1,0.0,0.5,0.0,1.0,2.5,0.0,,11.37,2,2,2,2,1,1,N,1,,,186,90,Manhattan,Penn Station/Madison Sq West,Yellow Zone,Manhattan,Flatiron,Yellow Zone,2.27,1,1.184789984909162,yellow_tripdata_2024-08.parquet,https://d37ci6vzurychx.cloudfront.net/trip-data/yellow_tripdata_2024-08.parquet,train
yellow,2024-07-29 15:08:33,2024-07-29 15:12:47,2024,7,2024-07,29,15,0,0,midday,train,4.233333333333333,1.0,7.2,0.0,0.5,0.0,1.0,2.5,0.0,,12.32,2,2,1,1,1,1,N,1,,,143,239,Manhattan,Lincoln Square West,Yellow Zone,Manhattan,Upper West Side South,Yellow Zone,1.12,1,0.7514160886839212,yellow_tripdata_2024-07.parquet,https://d37ci6vzurychx.cloudfront.net/trip-data/yellow_tripdata_2024-07.parquet,train
yellow,2024-01-13 09:43:42,2024-01-13 09:55:14,2024,1,2024-01,13,9,5,1,morning,train,11.533333333333333,1.94,13.5,0.0,0.5,0.0,1.0,2.5,0.0,,21.0,2,2,2,2,1,1,N,1,,,236,142,Manhattan,Upper East Side North,Yellow Zone,Manhattan,Lincoln Square East,Yellow Zone,3.5,1,1.5040773967762742,yellow_tripdata_2024-01.parquet,https://d37ci6vzurychx.cloudfront.net/trip-data/yellow_tripdata_2024-01.parquet,train
yellow,2025-05-18 18:43:52,2025-05-18 19:00:16,2025,5,2025-05,18,18,6,1,evening,test,16.4,2.72,17.0,0.0,0.5,0.0,1.0,2.5,0.0,0.75,26.1,2,2,1,1,1,1,N,1,,,249,230,Manhattan,West Village,Yellow Zone,Manhattan,Times Sq/Theatre District,Yellow Zone,4.35,1,1.6770965609079151,yellow_tripdata_2025-05.parquet,https://d37ci6vzurychx.cloudfront.net/trip-data/yellow_tripdata_2025-05.parquet,train
yellow,2024-01-10 15:29:41,2024-01-10 15:44:32,2024,1,2024-01,10,15,2,0,midday,train,14.85,1.49,14.2,0.0,0.5,0.0,1.0,2.5,0.0,,21.84,2,2,1,1,1,1,N,1,,,236,229,Manhattan,Upper East Side North,Yellow Zone,Manhattan,Sutton Place/Turtle Bay North,Yellow Zone,3.64,1,1.534714366238164,yellow_tripdata_2024-01.parquet,https://d37ci6vzurychx.cloudfront.net/trip-data/yellow_tripdata_2024-01.parquet,train
yellow,2024-09-11 20:04:11,2024-09-11 20:36:06,2024,9,2024-09,11,20,2,0,evening,train,31.916666666666668,3.78,27.5,2.5,0.5,0.0,1.0,2.5,0.0,,40.8,2,2,1,1,1,1,N,1,,,48,148,Manhattan,Clinton East,Yellow Zone,Manhattan,Lower East Side,Yellow Zone,6.8,1,2.0541237336955462,yellow_tripdata_2024-09.parquet,https://d37ci6vzurychx.cloudfront.net/trip-data/yellow_tripdata_2024-09.parquet,train
yellow,2024-01-26 13:26:07,2024-01-26 13:32:42,2024,1,2024-01,26,13,4,0,midday,train,6.583333333333333,0.67,7.2,0.0,0.5,0.0,1.0,2.5,0.0,,13.44,2,2,6,6+,1,1,N,1,,,231,211,Manhattan,TriBeCa/Civic Center,Yellow Zone,Manhattan,SoHo,Yellow Zone,2.24,1,1.1755733298042381,yellow_tripdata_2024-01.parquet,https://d37ci6vzurychx.cloudfront.net/trip-data/yellow_tripdata_2024-01.parquet,train
yellow,2025-08-02 02:46:00,2025-08-02 02:56:12,2025,8,2025-08,2,2,5,1,night,test,10.2,2.07,12.8,1.0,0.5,0.0,1.0,2.5,0.0,0.75,22.26,2,2,1,1,1,1,N,1,,,186,143,Manhattan,Penn Station/Madison Sq West,Yellow Zone,Manhattan,Lincoln Square West,Yellow Zone,3.71,1,1.5496879080283263,yellow_tripdata_2025-08.parquet,https://d37ci6vzurychx.cloudfront.net/trip-data/yellow_tripdata_2025-08.parquet,train
yellow,2025-12-14 11:40:03,2025-12-14 11:44:28,2025,12,2025-12,14,11,6,1,midday,test,4.416666666666667,0.96,6.5,0.0,0.5,0.0,1.0,2.5,0.0,0.75,13.5,2,2,2,2,1,1,N,1,,,137,79,Manhattan,Kips Bay,Yellow Zone,Manhattan,East Village,Yellow Zone,2.25,1,1.1786549963416462,yellow_tripdata_2025-12.parquet,https://d37ci6vzurychx.cloudfront.net/trip-data/yellow_tripdata_2025-12.parquet,test
yellow,2024-03-11 20:05:14,2024-03-11 20:22:43,2024,3,2024-03,11,20,0,0,evening,train,17.483333333333334,7.18,28.9,2.5,0.5,0.0,1.0,2.5,0.0,,38.94,2,2,1,1,1,1,N,1,,,162,25,Manhattan,Midtown East,Yellow Zone,Brooklyn,Boerum Hill,Boro Zone,3.54,1,1.5129270120532565,yellow_tripdata_2024-03.parquet,https://d37ci6vzurychx.cloudfront.net/trip-data/yellow_tripdata_2024-03.parquet,train
yellow,2025-03-28 13:24:01,2025-03-28 13:40:12,2025,3,2025-03,28,13,4,0,midday,test,16.183333333333334,1.48,14.9,0.0,0.5,0.0,1.0,2.5,0.0,0.75,25.55,2,2,1,1,1,1,N,1,,,161,236,Manhattan,Midtown Center,Yellow Zone,Manhattan,Upper East Side North,Yellow Zone,5.9,1,1.9315214116032138,yellow_tripdata_2025-03.parquet,https://d37ci6vzurychx.cloudfront.net/trip-data/yellow_tripdata_2025-03.parquet,train
yellow,2024-12-16 12:21:59,2024-12-16 12:58:59,2024,12,2024-12,16,12,0,0,midday,valid,37.0,4.1,26.5,0.0,0.5,0.0,0.0,0.0,0.0,,27.0,1,1,1,1,99,99,N,1,,,33,137,Brooklyn,Brooklyn Heights,Boro Zone,Manhattan,Kips Bay,Yellow Zone,0.0,0,0.0,yellow_tripdata_2024-12.parquet,https://d37ci6vzurychx.cloudfront.net/trip-data/yellow_tripdata_2024-12.parquet,test
yellow,2025-05-12 19:37:05,2025-05-12 19:58:43,2025,5,2025-05,12,19,0,0,evening,test,21.633333333333333,3.02,20.5,2.5,0.5,0.0,1.0,2.5,0.0,0.75,32.75,2,2,1,1,1,1,N,1,,,162,158,Manhattan,Midtown East,Yellow Zone,Manhattan,Meatpacking/West Village West,Yellow Zone,5.0,1,1.791759469228055,yellow_tripdata_2025-05.parquet,https://d37ci6vzurychx.cloudfront.net/trip-data/yellow_tripdata_2025-05.parquet,train
yellow,2024-06-18 15:26:50,2024-06-18 15:36:21,2024,6,2024-06,18,15,1,0,midday,train,9.516666666666667,1.34,10.7,0.0,0.5,0.0,1.0,2.5,0.0,,14.7,2,2,1,1,1,1,N,1,,,236,239,Manhattan,Upper East Side North,Yellow Zone,Manhattan,Upper West Side South,Yellow Zone,0.0,0,0.0,yellow_tripdata_2024-06.parquet,https://d37ci6vzurychx.cloudfront.net/trip-data/yellow_tripdata_2024-06.parquet,train
yellow,2025-01-30 23:23:49,2025-01-30 23:27:06,2025,1,2025-01,30,23,3,0,night,test,3.283333333333333,0.8,5.8,1.0,0.5,0.0,1.0,2.5,0.0,0.75,13.86,2,2,1,1,1,1,N,1,,,68,100,Manhattan,East Chelsea,Yellow Zone,Manhattan,Garment District,Yellow Zone,2.31,1,1.1969481893889715,yellow_tripdata_2025-01.parquet,https://d37ci6vzurychx.cloudfront.net/trip-data/yellow_tripdata_2025-01.parquet,train
yellow,2024-08-30 06:24:32,2024-08-30 06:30:37,2024,8,2024-08,30,6,4,0,morning,train,6.083333333333333,1.12,7.9,0.0,0.5,0.0,1.0,2.5,0.0,,12.9,2,2,1,1,1,1,N,1,,,141,233,Manhattan,Lenox Hill West,Yellow Zone,Manhattan,UN/Turtle Bay South,Yellow Zone,1.0,1,0.6931471805599453,yellow_tripdata_2024-08.parquet,https://d37ci6vzurychx.cloudfront.net/trip-data/yellow_tripdata_2024-08.parquet,train
yellow,2025-01-10 20:20:03,2025-01-10 20:29:51,2025,1,2025-01,10,20,4,0,evening,test,9.8,2.11,12.1,1.0,0.5,0.0,1.0,2.5,0.0,0.75,21.42,2,2,2,2,1,1,N,1,,,229,236,Manhattan,Sutton Place/Turtle Bay North,Yellow Zone,Manhattan,Upper East Side North,Yellow Zone,3.57,1,1.5195132049061133,yellow_tripdata_2025-01.parquet,https://d37ci6vzurychx.cloudfront.net/trip-data/yellow_tripdata_2025-01.parquet,train
yellow,2025-09-03 07:24:40,2025-09-03 08:54:40,2025,9,2025-09,3,7,2,0,morning,test,90.0,11.1,50.5,0.0,0.5,0.0,0.0,0.0,0.0,0.0,51.0,1,1,1,1,99,99,N,1,,,51,125,Bronx,Co-Op City,Boro Zone,Manhattan,Hudson Sq,Yellow Zone,0.0,0,0.0,yellow_tripdata_2025-09.parquet,https://d37ci6vzurychx.cloudfront.net/trip-data/yellow_tripdata_2025-09.parquet,train
yellow,2025-09-07 20:39:48,2025-09-07 20:47:54,2025,9,2025-09,7,20,6,1,evening,test,8.1,1.83,11.4,1.0,0.5,0.0,1.0,2.5,0.0,0.0,19.68,2,2,1,1,1,1,N,1,,,237,263,Manhattan,Upper East Side South,Yellow Zone,Manhattan,Yorkville West,Yellow Zone,3.28,1,1.4539530095937052,yellow_tripdata_2025-09.parquet,https://d37ci6vzurychx.cloudfront.net/trip-data/yellow_tripdata_2025-09.parquet,train
yellow,2025-04-23 22:45:07,2025-04-23 22:47:28,2025,4,2025-04,23,22,2,0,night,test,2.35,0.51,5.1,1.0,0.5,0.0,1.0,2.5,0.0,0.75,13.02,2,2,1,1,1,1,N,1,,,79,114,Manhattan,East Village,Yellow Zone,Manhattan,Greenwich Village South,Yellow Zone,2.17,1,1.1537315878891892,yellow_tripdata_2025-04.parquet,https://d37ci6vzurychx.cloudfront.net/trip-data/yellow_tripdata_2025-04.parquet,train
yellow,2024-04-24 14:59:56,2024-04-24 15:27:17,2024,4,2024-04,24,14,2,0,midday,train,27.35,5.47,30.3,0.0,0.5,0.0,1.0,2.5,0.0,,41.16,2,2,1,1,1,1,N,1,,,164,88,Manhattan,Midtown South,Yellow Zone,Manhattan,Financial District South,Yellow Zone,6.86,1,2.061786606441115,yellow_tripdata_2024-04.parquet,https://d37ci6vzurychx.cloudfront.net/trip-data/yellow_tripdata_2024-04.parquet,train
yellow,2025-08-07 15:16:58,2025-08-07 15:32:22,2025,8,2025-08,7,15,3,0,midday,test,15.4,1.28,14.2,0.0,0.5,0.0,1.0,2.5,0.0,0.75,19.95,2,2,1,1,1,1,N,1,,,229,237,Manhattan,Sutton Place/Turtle Bay North,Yellow Zone,Manhattan,Upper East Side South,Yellow Zone,1.0,1,0.6931471805599453,yellow_tripdata_2025-08.parquet,https://d37ci6vzurychx.cloudfront.net/trip-data/yellow_tripdata_2025-08.parquet,train
yellow,2025-05-25 18:28:27,2025-05-25 18:31:51,2025,5,2025-05,25,18,6,1,evening,test,3.4,0.97,6.5,0.0,0.5,0.0,1.0,2.5,0.0,0.0,12.6,2,2,2,2,1,1,N,1,,,142,239,Manhattan,Lincoln Square East,Yellow Zone,Manhattan,Upper West Side South,Yellow Zone,2.1,1,1.1314021114911006,yellow_tripdata_2025-05.parquet,https://d37ci6vzurychx.cloudfront.net/trip-data/yellow_tripdata_2025-05.parquet,train
yellow,2024-04-09 16:55:18,2024-04-09 17:02:32,2024,4,2024-04,9,16,1,0,evening,train,7.233333333333333,1.03,8.6,2.5,0.5,0.0,1.0,2.5,0.0,,18.12,2,2,2,2,1,1,N,1,,,161,170,Manhattan,Midtown Center,Yellow Zone,Manhattan,Murray Hill,Yellow Zone,3.02,1,1.3912819026309295,yellow_tripdata_2024-04.parquet,https://d37ci6vzurychx.cloudfront.net/trip-data/yellow_tripdata_2024-04.parquet,train
yellow,2025-04-07 16:05:18,2025-04-07 16:40:11,2025,4,2025-04,7,16,0,0,evening,test,34.88333333333333,10.04,45.0,7.5,0.5,6.94,1.0,2.5,1.75,0.75,78.78,2,2,1,1,1,1,N,1,,,138,114,Queens,LaGuardia Airport,Airports,Manhattan,Greenwich Village South,Yellow Zone,12.84,1,2.6275629501895237,yellow_tripdata_2025-04.parquet,https://d37ci6vzurychx.cloudfront.net/trip-data/yellow_tripdata_2025-04.parquet,train
yellow,2024-01-06 15:21:23,2024-01-06 15:52:59,2024,1,2024-01,6,15,5,1,midday,train,31.6,5.83,33.8,0.0,0.5,0.0,1.0,2.5,0.0,,45.36,2,2,2,2,1,1,N,1,,,161,231,Manhattan,Midtown Center,Yellow Zone,Manhattan,TriBeCa/Civic Center,Yellow Zone,7.56,1,2.1471001901536506,yellow_tripdata_2024-01.parquet,https://d37ci6vzurychx.cloudfront.net/trip-data/yellow_tripdata_2024-01.parquet,train
yellow,2024-03-02 22:28:21,2024-03-02 22:36:28,2024,3,2024-03,2,22,5,1,night,train,8.116666666666667,1.2,9.3,1.0,0.5,0.0,1.0,2.5,0.0,,14.3,2,2,2,2,1,1,N,1,,,163,48,Manhattan,Midtown North,Yellow Zone,Manhattan,Clinton East,Yellow Zone,0.0,0,0.0,yellow_tripdata_2024-03.parquet,https://d37ci6vzurychx.cloudfront.net/trip-data/yellow_tripdata_2024-03.parquet,train
yellow,2025-08-26 18:25:16,2025-08-26 18:30:23,2025,8,2025-08,26,18,1,0,evening,test,5.116666666666666,0.72,6.5,2.5,0.5,0.0,1.0,2.5,0.0,0.75,16.5,2,2,1,1,1,1,N,1,,,162,170,Manhattan,Midtown East,Yellow Zone,Manhattan,Murray Hill,Yellow Zone,2.75,1,1.3217558399823195,yellow_tripdata_2025-08.parquet,https://d37ci6vzurychx.cloudfront.net/trip-data/yellow_tripdata_2025-08.parquet,train
yellow,2025-12-12 14:51:07,2025-12-12 15:05:13,2025,12,2025-12,12,14,4,0,midday,test,14.1,1.71,14.2,0.0,0.5,0.0,1.0,2.5,0.0,0.0,21.84,2,2,1,1,1,1,N,1,,,236,239,Manhattan,Upper East Side North,Yellow Zone,Manhattan,Upper West Side South,Yellow Zone,3.64,1,1.534714366238164,yellow_tripdata_2025-12.parquet,https://d37ci6vzurychx.cloudfront.net/trip-data/yellow_tripdata_2025-12.parquet,test
yellow,2025-05-23 18:40:11,2025-05-23 18:50:41,2025,5,2025-05,23,18,4,0,evening,test,10.5,1.84,12.1,2.5,0.5,0.0,1.0,0.0,0.0,0.0,19.32,2,2,2,2,1,1,N,1,,,166,42,Manhattan,Morningside Heights,Boro Zone,Manhattan,Central Harlem North,Boro Zone,3.22,1,1.4398351280479207,yellow_tripdata_2025-05.parquet,https://d37ci6vzurychx.cloudfront.net/trip-data/yellow_tripdata_2025-05.parquet,train
yellow,2024-07-11 00:15:29,2024-07-11 00:22:18,2024,7,2024-07,11,0,3,0,night,train,6.816666666666666,0.94,8.6,1.0,0.5,0.0,1.0,2.5,0.0,,17.0,2,2,1,1,1,1,N,1,,,79,249,Manhattan,East Village,Yellow Zone,Manhattan,West Village,Yellow Zone,3.4,1,1.4816045409242156,yellow_tripdata_2024-07.parquet,https://d37ci6vzurychx.cloudfront.net/trip-data/yellow_tripdata_2024-07.parquet,train
yellow,2025-12-11 23:06:23,2025-12-11 23:27:40,2025,12,2025-12,11,23,3,0,night,test,21.283333333333335,5.68,180.0,0.0,0.0,14.06,1.0,0.0,0.0,0.75,234.97,2,2,1,1,5,5,N,1,,,68,265,Manhattan,East Chelsea,Yellow Zone,Unknown,Outside of NYC,Unknown,39.16,1,3.6928714753834737,yellow_tripdata_2025-12.parquet,https://d37ci6vzurychx.cloudfront.net/trip-data/yellow_tripdata_2025-12.parquet,test
yellow,2025-02-13 18:15:30,2025-02-13 18:25:58,2025,2,2025-02,13,18,3,0,evening,test,10.466666666666667,1.2,10.7,2.5,0.5,0.0,1.0,2.5,0.0,0.0,21.5,2,2,1,1,1,1,N,1,,,43,237,Manhattan,Central Park,Yellow Zone,Manhattan,Upper East Side South,Yellow Zone,4.3,1,1.667706820558076,yellow_tripdata_2025-02.parquet,https://d37ci6vzurychx.cloudfront.net/trip-data/yellow_tripdata_2025-02.parquet,train
yellow,2024-05-25 11:22:52,2024-05-25 11:40:55,2024,5,2024-05,25,11,5,1,midday,train,18.05,2.4,16.3,2.5,0.5,0.0,1.0,2.5,0.0,,24.35,1,1,1,1,1,1,N,1,,,68,230,Manhattan,East Chelsea,Yellow Zone,Manhattan,Times Sq/Theatre District,Yellow Zone,4.05,1,1.6193882432872684,yellow_tripdata_2024-05.parquet,https://d37ci6vzurychx.cloudfront.net/trip-data/yellow_tripdata_2024-05.parquet,train
yellow,2025-06-07 22:38:33,2025-06-07 22:48:04,2025,6,2025-06,7,22,5,1,night,test,9.516666666666667,2.89,13.5,1.0,0.5,0.0,1.0,2.5,0.0,0.75,25.03,2,2,1,1,1,1,N,1,,,229,146,Manhattan,Sutton Place/Turtle Bay North,Yellow Zone,Queens,Long Island City/Queens Plaza,Boro Zone,5.78,1,1.9139771019523042,yellow_tripdata_2025-06.parquet,https://d37ci6vzurychx.cloudfront.net/trip-data/yellow_tripdata_2025-06.parquet,train
yellow,2024-11-22 22:00:24,2024-11-22 22:18:32,2024,11,2024-11,22,22,4,0,night,valid,18.133333333333333,4.7,24.0,3.5,0.5,0.0,1.0,2.5,0.0,,34.8,1,1,0,Unknown,1,1,N,1,,,229,4,Manhattan,Sutton Place/Turtle Bay North,Yellow Zone,Manhattan,Alphabet City,Yellow Zone,5.8,1,1.916922612182061,yellow_tripdata_2024-11.parquet,https://d37ci6vzurychx.cloudfront.net/trip-data/yellow_tripdata_2024-11.parquet,test
yellow,2025-12-20 21:09:31,2025-12-20 21:26:59,2025,12,2025-12,20,21,5,1,night,test,17.466666666666665,1.8,15.6,4.25,0.5,0.0,1.0,2.5,0.0,0.75,25.6,1,1,1,1,1,1,N,1,,,114,87,Manhattan,Greenwich Village South,Yellow Zone,Manhattan,Financial District North,Yellow Zone,4.25,1,1.6582280766035324,yellow_tripdata_2025-12.parquet,https://d37ci6vzurychx.cloudfront.net/trip-data/yellow_tripdata_2025-12.parquet,test
yellow,2024-08-30 17:41:02,2024-08-30 18:34:03,2024,8,2024-08,30,17,4,0,evening,train,53.016666666666666,17.8,70.0,5.0,0.5,6.94,1.0,2.5,0.0,,125.94,2,2,1,1,2,2,N,1,,,249,132,Manhattan,West Village,Yellow Zone,Queens,JFK Airport,Airports,40.0,1,3.713572066704308,yellow_tripdata_2024-08.parquet,https://d37ci6vzurychx.cloudfront.net/trip-data/yellow_tripdata_2024-08.parquet,train
yellow,2024-12-20 18:00:59,2024-12-20 18:07:39,2024,12,2024-12,20,18,4,0,evening,valid,6.666666666666667,0.68,7.9,2.5,0.5,0.0,1.0,2.5,0.0,,15.4,2,2,2,2,1,1,N,1,,,142,48,Manhattan,Lincoln Square East,Yellow Zone,Manhattan,Clinton East,Yellow Zone,1.0,1,0.6931471805599453,yellow_tripdata_2024-12.parquet,https://d37ci6vzurychx.cloudfront.net/trip-data/yellow_tripdata_2024-12.parquet,test
yellow,2025-01-14 18:50:39,2025-01-14 18:59:46,2025,1,2025-01,14,18,1,0,evening,test,9.116666666666667,1.6,10.7,2.5,0.5,0.0,1.0,2.5,0.0,0.75,21.54,2,2,1,1,1,1,N,1,,,68,163,Manhattan,East Chelsea,Yellow Zone,Manhattan,Midtown North,Yellow Zone,3.59,1,1.5238800240724537,yellow_tripdata_2025-01.parquet,https://d37ci6vzurychx.cloudfront.net/trip-data/yellow_tripdata_2025-01.parquet,train
yellow,2024-11-09 18:06:52,2024-11-09 18:37:15,2024,11,2024-11,9,18,5,1,evening,valid,30.383333333333333,3.1,24.7,2.5,0.5,0.0,1.0,2.5,0.0,,34.45,1,1,1,1,1,1,N,1,,,107,140,Manhattan,Gramercy,Yellow Zone,Manhattan,Lenox Hill East,Yellow Zone,5.75,1,1.9095425048844386,yellow_tripdata_2024-11.parquet,https://d37ci6vzurychx.cloudfront.net/trip-data/yellow_tripdata_2024-11.parquet,test
yellow,2025-05-30 13:31:36,2025-05-30 13:40:57,2025,5,2025-05,30,13,4,0,midday,test,9.35,1.14,10.0,0.0,0.5,0.0,1.0,2.5,0.0,0.75,17.7,2,2,1,1,1,1,N,1,,,246,234,Manhattan,West Chelsea/Hudson Yards,Yellow Zone,Manhattan,Union Sq,Yellow Zone,2.95,1,1.3737155789130306,yellow_tripdata_2025-05.parquet,https://d37ci6vzurychx.cloudfront.net/trip-data/yellow_tripdata_2025-05.parquet,train
yellow,2025-09-10 23:41:59,2025-09-11 00:21:34,2025,9,2025-09,10,23,2,0,night,test,39.583333333333336,13.42,56.2,1.0,0.5,0.0,1.0,0.0,1.75,0.0,75.56,2,2,5,5,1,1,N,1,,,132,181,Queens,JFK Airport,Airports,Brooklyn,Park Slope,Boro Zone,15.11,1,2.779440197188883,yellow_tripdata_2025-09.parquet,https://d37ci6vzurychx.cloudfront.net/trip-data/yellow_tripdata_2025-09.parquet,train
yellow,2025-04-12 11:56:14,2025-04-12 12:02:24,2025,4,2025-04,12,11,5,1,midday,test,6.166666666666667,1.18,7.9,0.0,0.5,0.0,1.0,2.5,0.0,0.75,15.18,2,2,1,1,1,1,N,1,,,186,68,Manhattan,Penn Station/Madison Sq West,Yellow Zone,Manhattan,East Chelsea,Yellow Zone,2.53,1,1.2612978709452054,yellow_tripdata_2025-04.parquet,https://d37ci6vzurychx.cloudfront.net/trip-data/yellow_tripdata_2025-04.parquet,train
yellow,2025-04-18 23:12:16,2025-04-18 23:19:16,2025,4,2025-04,18,23,4,0,night,test,7.0,1.25,8.6,1.0,0.5,0.0,1.0,2.5,0.0,0.75,17.94,2,2,1,1,1,1,N,1,,,239,48,Manhattan,Upper West Side South,Yellow Zone,Manhattan,Clinton East,Yellow Zone,3.59,1,1.5238800240724537,yellow_tripdata_2025-04.parquet,https://d37ci6vzurychx.cloudfront.net/trip-data/yellow_tripdata_2025-04.parquet,train
yellow,2024-11-15 21:48:16,2024-11-15 21:56:06,2024,11,2024-11,15,21,4,0,night,valid,7.833333333333333,0.92,8.6,1.0,0.5,0.0,1.0,2.5,0.0,,16.32,2,2,1,1,1,1,N,1,,,230,229,Manhattan,Times Sq/Theatre District,Yellow Zone,Manhattan,Sutton Place/Turtle Bay North,Yellow Zone,2.72,1,1.3137236682850553,yellow_tripdata_2024-11.parquet,https://d37ci6vzurychx.cloudfront.net/trip-data/yellow_tripdata_2024-11.parquet,test
yellow,2025-06-05 11:22:01,2025-06-05 11:26:13,2025,6,2025-06,5,11,3,0,midday,test,4.2,0.5,5.8,0.0,0.5,0.0,1.0,2.5,0.0,0.0,11.27,2,2,1,1,1,1,N,1,,,141,237,Manhattan,Lenox Hill West,Yellow Zone,Manhattan,Upper East Side South,Yellow Zone,1.47,1,0.9042181506398859,yellow_tripdata_2025-06.parquet,https://d37ci6vzurychx.cloudfront.net/trip-data/yellow_tripdata_2025-06.parquet,train
yellow,2025-04-08 08:21:31,2025-04-08 08:28:14,2025,4,2025-04,8,8,1,0,morning,test,6.716666666666667,1.25,8.6,0.0,0.5,0.0,1.0,2.5,0.0,0.75,16.02,2,2,1,1,1,1,N,1,,,90,68,Manhattan,Flatiron,Yellow Zone,Manhattan,East Chelsea,Yellow Zone,2.67,1,1.3001916620664788,yellow_tripdata_2025-04.parquet,https://d37ci6vzurychx.cloudfront.net/trip-data/yellow_tripdata_2025-04.parquet,train
yellow,2025-06-01 21:36:19,2025-06-01 21:48:04,2025,6,2025-06,1,21,6,1,night,test,11.75,2.22,13.5,1.0,0.5,0.0,1.0,2.5,0.0,0.75,20.25,2,2,2,2,1,1,N,1,,,148,158,Manhattan,Lower East Side,Yellow Zone,Manhattan,Meatpacking/West Village West,Yellow Zone,1.0,1,0.6931471805599453,yellow_tripdata_2025-06.parquet,https://d37ci6vzurychx.cloudfront.net/trip-data/yellow_tripdata_2025-06.parquet,train
yellow,2024-04-22 14:59:36,2024-04-22 15:07:37,2024,4,2024-04,22,14,0,0,midday,train,8.016666666666667,0.5,7.9,2.5,0.5,0.0,1.0,2.5,0.0,,14.3,1,1,1,1,1,1,N,1,,,43,237,Manhattan,Central Park,Yellow Zone,Manhattan,Upper East Side South,Yellow Zone,2.4,1,1.2237754316221157,yellow_tripdata_2024-04.parquet,https://d37ci6vzurychx.cloudfront.net/trip-data/yellow_tripdata_2024-04.parquet,train
yellow,2025-08-24 21:33:01,2025-08-24 21:46:13,2025,8,2025-08,24,21,6,1,night,test,13.2,2.8,14.2,4.25,0.5,0.0,1.0,2.5,0.0,0.75,24.95,1,1,1,1,1,1,N,1,,,158,50,Manhattan,Meatpacking/West Village West,Yellow Zone,Manhattan,Clinton West,Yellow Zone,5.0,1,1.791759469228055,yellow_tripdata_2025-08.parquet,https://d37ci6vzurychx.cloudfront.net/trip-data/yellow_tripdata_2025-08.parquet,train
yellow,2024-12-09 22:07:07,2024-12-09 22:32:20,2024,12,2024-12,9,22,0,0,night,valid,25.216666666666665,3.0,19.8,3.5,0.5,0.0,1.0,2.5,0.0,,28.8,1,1,1,1,1,1,N,1,,,161,145,Manhattan,Midtown Center,Yellow Zone,Queens,Long Island City/Hunters Point,Boro Zone,4.0,1,1.6094379124341003,yellow_tripdata_2024-12.parquet,https://d37ci6vzurychx.cloudfront.net/trip-data/yellow_tripdata_2024-12.parquet,test
yellow,2025-05-08 19:30:59,2025-05-08 19:56:53,2025,5,2025-05,8,19,3,0,evening,test,25.9,4.0,25.4,5.75,0.5,0.0,1.0,2.5,0.0,0.75,39.15,1,1,1,1,1,1,N,1,,,68,232,Manhattan,East Chelsea,Yellow Zone,Manhattan,Two Bridges/Seward Park,Yellow Zone,6.5,1,2.0149030205422647,yellow_tripdata_2025-05.parquet,https://d37ci6vzurychx.cloudfront.net/trip-data/yellow_tripdata_2025-05.parquet,train
yellow,2025-08-05 12:58:09,2025-08-05 13:18:23,2025,8,2025-08,5,12,1,0,midday,test,20.233333333333334,1.8,17.7,0.0,0.5,0.0,1.0,2.5,0.0,0.75,26.94,2,2,1,1,1,1,N,1,,,43,161,Manhattan,Central Park,Yellow Zone,Manhattan,Midtown Center,Yellow Zone,4.49,1,1.7029282555214393,yellow_tripdata_2025-08.parquet,https://d37ci6vzurychx.cloudfront.net/trip-data/yellow_tripdata_2025-08.parquet,train
yellow,2025-07-16 14:44:18,2025-07-16 15:22:08,2025,7,2025-07,16,14,2,0,midday,test,37.833333333333336,3.1,29.6,3.25,0.5,0.0,1.0,2.5,0.0,0.75,41.2,1,1,1,1,1,1,N,1,,,186,236,Manhattan,Penn Station/Madison Sq West,Yellow Zone,Manhattan,Upper East Side North,Yellow Zone,6.85,1,2.060513531794317,yellow_tripdata_2025-07.parquet,https://d37ci6vzurychx.cloudfront.net/trip-data/yellow_tripdata_2025-07.parquet,train
yellow,2025-02-25 13:17:10,2025-02-25 13:27:44,2025,2,2025-02,25,13,1,0,midday,test,10.566666666666666,1.9,12.8,2.5,0.5,0.0,1.0,2.5,0.0,0.0,18.8,1,1,1,1,1,1,N,1,,,166,239,Manhattan,Morningside Heights,Boro Zone,Manhattan,Upper West Side South,Yellow Zone,2.0,1,1.0986122886681098,yellow_tripdata_2025-02.parquet,https://d37ci6vzurychx.cloudfront.net/trip-data/yellow_tripdata_2025-02.parquet,train
yellow,2025-12-27 23:01:25,2025-12-27 23:10:36,2025,12,2025-12,27,23,5,1,night,test,9.183333333333334,1.4,10.0,4.25,0.5,0.0,1.0,2.5,0.0,0.75,19.7,1,1,1,1,1,1,N,1,,,239,48,Manhattan,Upper West Side South,Yellow Zone,Manhattan,Clinton East,Yellow Zone,3.95,1,1.599387576580599,yellow_tripdata_2025-12.parquet,https://d37ci6vzurychx.cloudfront.net/trip-data/yellow_tripdata_2025-12.parquet,test
yellow,2024-12-16 21:14:39,2024-12-16 21:26:17,2024,12,2024-12,16,21,0,0,night,valid,11.633333333333333,2.78,14.9,1.0,0.5,0.0,1.0,2.5,0.0,,24.88,2,2,1,1,1,1,N,1,,,48,24,Manhattan,Clinton East,Yellow Zone,Manhattan,Bloomingdale,Yellow Zone,4.98,1,1.7884205679625405,yellow_tripdata_2024-12.parquet,https://d37ci6vzurychx.cloudfront.net/trip-data/yellow_tripdata_2024-12.parquet,test
yellow,2024-09-28 03:24:54,2024-09-28 03:30:42,2024,9,2024-09,28,3,5,1,night,train,5.8,0.89,7.2,1.0,0.5,0.0,1.0,2.5,0.0,,12.2,2,2,2,2,1,1,N,1,,,164,68,Manhattan,Midtown South,Yellow Zone,Manhattan,East Chelsea,Yellow Zone,0.0,0,0.0,yellow_tripdata_2024-09.parquet,https://d37ci6vzurychx.cloudfront.net/trip-data/yellow_tripdata_2024-09.parquet,train
yellow,2025-08-11 20:03:58,2025-08-11 20:18:19,2025,8,2025-08,11,20,0,0,evening,test,14.35,2.46,15.6,1.0,0.5,0.0,1.0,2.5,0.0,0.75,23.49,2,2,1,1,1,1,N,1,,,161,236,Manhattan,Midtown Center,Yellow Zone,Manhattan,Upper East Side North,Yellow Zone,2.14,1,1.144222799920162,yellow_tripdata_2025-08.parquet,https://d37ci6vzurychx.cloudfront.net/trip-data/yellow_tripdata_2025-08.parquet,train
yellow,2024-11-15 18:52:59,2024-11-15 19:01:29,2024,11,2024-11,15,18,4,0,evening,valid,8.5,0.81,9.3,2.5,0.5,0.0,1.0,2.5,0.0,,17.3,2,2,1,1,1,1,N,1,,,163,230,Manhattan,Midtown North,Yellow Zone,Manhattan,Times Sq/Theatre District,Yellow Zone,1.5,1,0.9162907318741551,yellow_tripdata_2024-11.parquet,https://d37ci6vzurychx.cloudfront.net/trip-data/yellow_tripdata_2024-11.parquet,test
yellow,2025-06-21 23:34:15,2025-06-21 23:37:33,2025,6,2025-06,21,23,5,1,night,test,3.3,1.1,6.5,3.5,0.5,0.0,1.0,2.5,0.0,0.0,13.8,1,1,2,2,1,1,N,1,,,141,263,Manhattan,Lenox Hill West,Yellow Zone,Manhattan,Yorkville West,Yellow Zone,2.3,1,1.1939224684724346,yellow_tripdata_2025-06.parquet,https://d37ci6vzurychx.cloudfront.net/trip-data/yellow_tripdata_2025-06.parquet,train
yellow,2024-09-13 06:47:54,2024-09-13 07:14:37,2024,9,2024-09,13,6,4,0,morning,train,26.716666666666665,5.71,32.4,0.0,0.5,0.0,1.0,2.5,0.0,,43.68,2,2,1,1,1,1,N,1,,,100,209,Manhattan,Garment District,Yellow Zone,Manhattan,Seaport,Yellow Zone,7.28,1,2.1138429683971687,yellow_tripdata_2024-09.parquet,https://d37ci6vzurychx.cloudfront.net/trip-data/yellow_tripdata_2024-09.parquet,train
yellow,2025-02-01 23:48:25,2025-02-01 23:54:50,2025,2,2025-02,1,23,5,1,night,test,6.416666666666667,0.86,7.9,1.0,0.5,0.0,1.0,2.5,0.0,0.75,18.65,2,2,2,2,1,1,N,1,,,100,170,Manhattan,Garment District,Yellow Zone,Manhattan,Murray Hill,Yellow Zone,5.0,1,1.791759469228055,yellow_tripdata_2025-02.parquet,https://d37ci6vzurychx.cloudfront.net/trip-data/yellow_tripdata_2025-02.parquet,train
yellow,2024-05-14 08:48:09,2024-05-14 08:57:58,2024,5,2024-05,14,8,1,0,morning,train,9.816666666666666,1.31,11.4,0.0,0.5,0.0,1.0,2.5,0.0,,18.48,2,2,3,3,1,1,N,1,,,161,237,Manhattan,Midtown Center,Yellow Zone,Manhattan,Upper East Side South,Yellow Zone,3.08,1,1.4060969884160703,yellow_tripdata_2024-05.parquet,https://d37ci6vzurychx.cloudfront.net/trip-data/yellow_tripdata_2024-05.parquet,train
yellow,2024-10-18 09:40:27,2024-10-18 09:52:28,2024,10,2024-10,18,9,4,0,morning,valid,12.016666666666667,0.96,11.4,0.0,0.5,0.0,1.0,2.5,0.0,,18.48,2,2,1,1,1,1,N,1,,,237,230,Manhattan,Upper East Side South,Yellow Zone,Manhattan,Times Sq/Theatre District,Yellow Zone,3.08,1,1.4060969884160703,yellow_tripdata_2024-10.parquet,https://d37ci6vzurychx.cloudfront.net/trip-data/yellow_tripdata_2024-10.parquet,valid
yellow,2024-04-14 15:59:33,2024-04-14 16:29:00,2024,4,2024-04,14,15,6,1,midday,train,29.45,5.2,32.4,2.5,0.5,0.0,1.0,2.5,0.0,,36.4,1,1,3,3,1,1,N,1,,,231,217,Manhattan,TriBeCa/Civic Center,Yellow Zone,Brooklyn,South Williamsburg,Boro Zone,0.0,0,0.0,yellow_tripdata_2024-04.parquet,https://d37ci6vzurychx.cloudfront.net/trip-data/yellow_tripdata_2024-04.parquet,train
yellow,2024-08-25 02:53:27,2024-08-25 02:59:09,2024,8,2024-08,25,2,6,1,night,train,5.7,0.92,7.9,1.0,0.5,0.0,1.0,2.5,0.0,,15.48,2,2,1,1,1,1,N,1,,,48,50,Manhattan,Clinton East,Yellow Zone,Manhattan,Clinton West,Yellow Zone,2.58,1,1.275362800412609,yellow_tripdata_2024-08.parquet,https://d37ci6vzurychx.cloudfront.net/trip-data/yellow_tripdata_2024-08.parquet,train
yellow,2024-06-28 10:39:29,2024-06-28 10:42:45,2024,6,2024-06,28,10,4,0,morning,train,3.2666666666666666,0.57,5.8,0.0,0.5,0.0,1.0,2.5,0.0,,12.74,2,2,1,1,1,1,N,1,,,263,141,Manhattan,Yorkville West,Yellow Zone,Manhattan,Lenox Hill West,Yellow Zone,2.94,1,1.3711807233098425,yellow_tripdata_2024-06.parquet,https://d37ci6vzurychx.cloudfront.net/trip-data/yellow_tripdata_2024-06.parquet,train
yellow,2025-11-11 11:31:00,2025-11-11 11:42:20,2025,11,2025-11,11,11,1,0,midday,test,11.333333333333334,1.91,12.8,0.0,0.5,0.0,1.0,2.5,0.0,0.0,21.84,2,2,1,1,1,1,N,1,,,236,142,Manhattan,Upper East Side North,Yellow Zone,Manhattan,Lincoln Square East,Yellow Zone,5.04,1,1.7984040119467235,yellow_tripdata_2025-11.parquet,https://d37ci6vzurychx.cloudfront.net/trip-data/yellow_tripdata_2025-11.parquet,test
yellow,2024-11-22 11:42:36,2024-11-22 12:10:55,2024,11,2024-11,22,11,4,0,midday,valid,28.316666666666666,6.11,33.1,0.0,0.5,0.0,1.0,2.5,0.0,,44.52,2,2,1,1,1,1,N,1,,,239,13,Manhattan,Upper West Side South,Yellow Zone,Manhattan,Battery Park City,Yellow Zone,7.42,1,2.130609828254235,yellow_tripdata_2024-11.parquet,https://d37ci6vzurychx.cloudfront.net/trip-data/yellow_tripdata_2024-11.parquet,test
yellow,2025-04-16 21:51:06,2025-04-16 22:09:34,2025,4,2025-04,16,21,2,0,night,test,18.466666666666665,3.93,21.2,1.0,0.5,0.0,1.0,2.5,0.0,0.75,28.95,2,2,1,1,1,1,N,1,,,161,151,Manhattan,Midtown Center,Yellow Zone,Manhattan,Manhattan Valley,Yellow Zone,2.0,1,1.0986122886681098,yellow_tripdata_2025-04.parquet,https://d37ci6vzurychx.cloudfront.net/trip-data/yellow_tripdata_2025-04.parquet,train
yellow,2024-04-01 23:47:17,2024-04-02 00:00:42,2024,4,2024-04,1,23,0,0,night,train,13.416666666666666,4.8,21.9,1.0,0.5,0.0,1.0,2.5,0.0,,32.28,2,2,1,1,1,1,N,1,,,148,145,Manhattan,Lower East Side,Yellow Zone,Queens,Long Island City/Hunters Point,Boro Zone,5.38,1,1.8531680973566984,yellow_tripdata_2024-04.parquet,https://d37ci6vzurychx.cloudfront.net/trip-data/yellow_tripdata_2024-04.parquet,train
yellow,2025-11-24 16:03:34,2025-11-24 16:16:58,2025,11,2025-11,24,16,0,0,evening,test,13.4,0.94,12.8,2.5,0.5,0.0,1.0,2.5,0.0,0.0,23.16,2,2,2,2,1,1,N,1,,,140,141,Manhattan,Lenox Hill East,Yellow Zone,Manhattan,Lenox Hill West,Yellow Zone,3.86,1,1.5810384379124023,yellow_tripdata_2025-11.parquet,https://d37ci6vzurychx.cloudfront.net/trip-data/yellow_tripdata_2025-11.parquet,test
yellow,2024-08-07 08:19:52,2024-08-07 09:37:05,2024,8,2024-08,7,8,2,0,morning,train,77.21666666666667,12.7,31.5,0.0,0.5,0.0,0.0,0.0,0.0,,32.0,1,1,1,1,99,99,N,1,,,197,225,Queens,Richmond Hill,Boro Zone,Brooklyn,Stuyvesant Heights,Boro Zone,0.0,0,0.0,yellow_tripdata_2024-08.parquet,https://d37ci6vzurychx.cloudfront.net/trip-data/yellow_tripdata_2024-08.parquet,train
yellow,2024-04-26 22:31:30,2024-04-26 23:03:58,2024,4,2024-04,26,22,4,0,night,train,32.46666666666667,2.8,27.5,3.5,0.5,0.0,1.0,2.5,0.0,,35.5,1,1,2,2,1,1,N,1,,,125,230,Manhattan,Hudson Sq,Yellow Zone,Manhattan,Times Sq/Theatre District,Yellow Zone,3.0,1,1.3862943611198906,yellow_tripdata_2024-04.parquet,https://d37ci6vzurychx.cloudfront.net/trip-data/yellow_tripdata_2024-04.parquet,train
yellow,2025-05-11 06:08:36,2025-05-11 06:29:46,2025,5,2025-05,11,6,6,1,morning,test,21.166666666666668,10.85,43.6,5.0,0.5,6.94,1.0,2.5,0.0,0.75,72.35,2,2,1,1,1,1,N,1,,,161,138,Manhattan,Midtown Center,Yellow Zone,Queens,LaGuardia Airport,Airports,12.06,1,2.569554123848285,yellow_tripdata_2025-05.parquet,https://d37ci6vzurychx.cloudfront.net/trip-data/yellow_tripdata_2025-05.parquet,train
yellow,2024-09-14 12:56:38,2024-09-14 12:59:55,2024,9,2024-09,14,12,5,1,midday,train,3.283333333333333,0.76,5.8,0.0,0.5,0.0,1.0,2.5,0.0,,11.76,2,2,1,1,1,1,N,1,,,237,236,Manhattan,Upper East Side South,Yellow Zone,Manhattan,Upper East Side North,Yellow Zone,1.96,1,1.085189268335969,yellow_tripdata_2024-09.parquet,https://d37ci6vzurychx.cloudfront.net/trip-data/yellow_tripdata_2024-09.parquet,train
yellow,2025-11-20 00:33:54,2025-11-20 00:45:07,2025,11,2025-11,20,0,3,0,night,test,11.216666666666667,2.8,14.9,1.0,0.5,0.0,1.0,2.5,0.0,0.0,19.9,2,2,1,1,1,1,N,1,,,142,75,Manhattan,Lincoln Square East,Yellow Zone,Manhattan,East Harlem South,Boro Zone,0.0,0,0.0,yellow_tripdata_2025-11.parquet,https://d37ci6vzurychx.cloudfront.net/trip-data/yellow_tripdata_2025-11.parquet,test
yellow,2024-02-10 20:18:11,2024-02-10 20:41:48,2024,2,2024-02,10,20,5,1,evening,train,23.616666666666667,4.7,24.7,3.5,0.5,0.0,1.0,2.5,0.0,,35.64,1,1,0,Unknown,1,1,N,1,,,211,140,Manhattan,SoHo,Yellow Zone,Manhattan,Lenox Hill East,Yellow Zone,5.94,1,1.937301774518713,yellow_tripdata_2024-02.parquet,https://d37ci6vzurychx.cloudfront.net/trip-data/yellow_tripdata_2024-02.parquet,train
yellow,2025-11-23 17:54:56,2025-11-23 18:11:14,2025,11,2025-11,23,17,6,1,evening,test,16.3,7.62,31.0,5.0,0.5,6.94,1.0,2.5,1.75,0.0,58.08,2,2,2,2,1,1,N,1,,,138,263,Queens,LaGuardia Airport,Airports,Manhattan,Yorkville West,Yellow Zone,9.39,1,2.340843805111136,yellow_tripdata_2025-11.parquet,https://d37ci6vzurychx.cloudfront.net/trip-data/yellow_tripdata_2025-11.parquet,test
yellow,2025-08-29 08:25:49,2025-08-29 08:27:28,2025,8,2025-08,29,8,4,0,morning,test,1.65,0.6,5.1,3.25,0.5,0.0,1.0,2.5,0.0,0.75,11.8,1,1,1,1,1,1,N,1,,,163,230,Manhattan,Midtown North,Yellow Zone,Manhattan,Times Sq/Theatre District,Yellow Zone,1.95,1,1.0818051703517284,yellow_tripdata_2025-08.parquet,https://d37ci6vzurychx.cloudfront.net/trip-data/yellow_tripdata_2025-08.parquet,train
yellow,2024-12-06 23:51:11,2024-12-07 00:07:03,2024,12,2024-12,6,23,4,0,night,valid,15.866666666666667,2.59,17.0,1.0,0.5,0.0,1.0,2.5,0.0,,25.0,2,2,1,1,1,1,N,1,,,162,143,Manhattan,Midtown East,Yellow Zone,Manhattan,Lincoln Square West,Yellow Zone,3.0,1,1.3862943611198906,yellow_tripdata_2024-12.parquet,https://d37ci6vzurychx.cloudfront.net/trip-data/yellow_tripdata_2024-12.parquet,test
yellow,2025-08-26 10:56:00,2025-08-26 11:38:08,2025,8,2025-08,26,10,1,0,morning,test,42.13333333333333,9.09,47.8,5.0,0.5,6.94,1.0,2.5,1.75,0.0,74.99,2,2,1,1,1,1,N,1,,,70,141,Queens,East Elmhurst,Boro Zone,Manhattan,Lenox Hill West,Yellow Zone,9.5,1,2.3513752571634776,yellow_tripdata_2025-08.parquet,https://d37ci6vzurychx.cloudfront.net/trip-data/yellow_tripdata_2025-08.parquet,train
yellow,2024-08-30 22:50:14,2024-08-30 22:56:17,2024,8,2024-08,30,22,4,0,night,train,6.05,1.27,8.6,1.0,0.5,0.0,1.0,2.5,0.0,,16.32,2,2,1,1,1,1,N,1,,,48,68,Manhattan,Clinton East,Yellow Zone,Manhattan,East Chelsea,Yellow Zone,2.72,1,1.3137236682850553,yellow_tripdata_2024-08.parquet,https://d37ci6vzurychx.cloudfront.net/trip-data/yellow_tripdata_2024-08.parquet,train
yellow,2025-04-24 09:26:04,2025-04-24 09:40:45,2025,4,2025-04,24,9,3,0,morning,test,14.683333333333334,2.77,15.6,0.0,0.5,0.0,1.0,2.5,0.0,0.0,24.6,2,2,1,1,1,1,N,1,,,41,142,Manhattan,Central Harlem,Boro Zone,Manhattan,Lincoln Square East,Yellow Zone,5.0,1,1.791759469228055,yellow_tripdata_2025-04.parquet,https://d37ci6vzurychx.cloudfront.net/trip-data/yellow_tripdata_2025-04.parquet,train
yellow,2025-09-11 12:38:10,2025-09-11 12:50:25,2025,9,2025-09,11,12,3,0,midday,test,12.25,1.92,13.5,0.0,0.5,0.0,1.0,2.5,0.0,0.0,20.12,2,2,6,6+,1,1,N,1,,,239,236,Manhattan,Upper West Side South,Yellow Zone,Manhattan,Upper East Side North,Yellow Zone,2.62,1,1.2864740258376797,yellow_tripdata_2025-09.parquet,https://d37ci6vzurychx.cloudfront.net/trip-data/yellow_tripdata_2025-09.parquet,train
yellow,2024-07-13 16:07:03,2024-07-13 16:09:22,2024,7,2024-07,13,16,5,1,evening,train,2.316666666666667,0.18,4.4,0.0,0.5,0.0,1.0,0.0,0.0,,7.38,2,2,1,1,1,1,N,1,,,186,186,Manhattan,Penn Station/Madison Sq West,Yellow Zone,Manhattan,Penn Station/Madison Sq West,Yellow Zone,1.48,1,0.9082585601768908,yellow_tripdata_2024-07.parquet,https://d37ci6vzurychx.cloudfront.net/trip-data/yellow_tripdata_2024-07.parquet,train
yellow,2025-08-15 21:51:12,2025-08-15 21:54:23,2025,8,2025-08,15,21,4,0,night,test,3.183333333333333,0.5,5.1,4.25,0.5,0.0,1.0,2.5,0.0,0.75,14.1,1,1,1,1,1,1,N,1,,,141,229,Manhattan,Lenox Hill West,Yellow Zone,Manhattan,Sutton Place/Turtle Bay North,Yellow Zone,3.25,1,1.4469189829363254,yellow_tripdata_2025-08.parquet,https://d37ci6vzurychx.cloudfront.net/trip-data/yellow_tripdata_2025-08.parquet,train
yellow,2024-11-18 15:34:15,2024-11-18 15:58:29,2024,11,2024-11,18,15,0,0,midday,valid,24.233333333333334,5.68,28.9,0.0,0.5,0.0,1.0,2.5,0.0,,35.9,2,2,1,1,1,1,N,1,,,161,88,Manhattan,Midtown Center,Yellow Zone,Manhattan,Financial District South,Yellow Zone,3.0,1,1.3862943611198906,yellow_tripdata_2024-11.parquet,https://d37ci6vzurychx.cloudfront.net/trip-data/yellow_tripdata_2024-11.parquet,test
yellow,2024-04-19 20:06:28,2024-04-19 20:10:24,2024,4,2024-04,19,20,4,0,evening,train,3.933333333333333,0.98,6.5,2.5,0.5,0.0,1.0,2.5,0.0,,15.6,2,2,1,1,1,1,N,1,,,263,141,Manhattan,Yorkville West,Yellow Zone,Manhattan,Lenox Hill West,Yellow Zone,2.6,1,1.2809338454620642,yellow_tripdata_2024-04.parquet,https://d37ci6vzurychx.cloudfront.net/trip-data/yellow_tripdata_2024-04.parquet,train
yellow,2024-04-06 12:25:42,2024-04-06 12:39:39,2024,4,2024-04,6,12,5,1,midday,train,13.95,1.41,13.5,0.0,0.5,0.0,1.0,2.5,0.0,,21.0,2,2,2,2,1,1,N,1,,,114,148,Manhattan,Greenwich Village South,Yellow Zone,Manhattan,Lower East Side,Yellow Zone,3.5,1,1.5040773967762742,yellow_tripdata_2024-04.parquet,https://d37ci6vzurychx.cloudfront.net/trip-data/yellow_tripdata_2024-04.parquet,train
yellow,2025-05-25 13:45:58,2025-05-25 14:00:24,2025,5,2025-05,25,13,6,1,midday,test,14.433333333333334,3.84,18.4,0.0,0.5,0.0,1.0,2.5,0.0,0.75,28.15,2,2,1,1,1,1,N,1,,,211,237,Manhattan,SoHo,Yellow Zone,Manhattan,Upper East Side South,Yellow Zone,5.0,1,1.791759469228055,yellow_tripdata_2025-05.parquet,https://d37ci6vzurychx.cloudfront.net/trip-data/yellow_tripdata_2025-05.parquet,train
yellow,2025-07-11 22:45:44,2025-07-11 23:12:11,2025,7,2025-07,11,22,4,0,night,test,26.45,12.2,47.1,2.75,0.5,0.0,1.0,0.0,1.75,0.0,61.6,1,1,1,1,1,1,N,1,,,132,70,Queens,JFK Airport,Airports,Queens,East Elmhurst,Boro Zone,10.25,1,2.4203681286504293,yellow_tripdata_2025-07.parquet,https://d37ci6vzurychx.cloudfront.net/trip-data/yellow_tripdata_2025-07.parquet,train
yellow,2024-02-03 10:06:17,2024-02-03 10:13:30,2024,2,2024-02,3,10,5,1,morning,train,7.216666666666667,1.69,10.0,0.0,0.5,0.0,1.0,2.5,0.0,,16.8,2,2,1,1,1,1,N,1,,,163,239,Manhattan,Midtown North,Yellow Zone,Manhattan,Upper West Side South,Yellow Zone,2.8,1,1.33500106673234,yellow_tripdata_2024-02.parquet,https://d37ci6vzurychx.cloudfront.net/trip-data/yellow_tripdata_2024-02.parquet,train
yellow,2025-09-25 05:10:09,2025-09-25 06:23:17,2025,9,2025-09,25,5,3,0,morning,test,73.13333333333334,11.2,44.5,0.0,0.5,0.0,0.0,0.0,0.0,0.0,45.0,1,1,1,1,99,99,N,1,,,38,72,Queens,Cambria Heights,Boro Zone,Brooklyn,East Flatbush/Remsen Village,Boro Zone,0.0,0,0.0,yellow_tripdata_2025-09.parquet,https://d37ci6vzurychx.cloudfront.net/trip-data/yellow_tripdata_2025-09.parquet,train
yellow,2025-12-16 15:25:28,2025-12-16 15:32:59,2025,12,2025-12,16,15,1,0,midday,test,7.516666666666667,1.05,8.6,0.0,0.5,0.0,1.0,2.5,0.0,0.0,15.12,2,2,2,2,1,1,N,1,,,140,262,Manhattan,Lenox Hill East,Yellow Zone,Manhattan,Yorkville East,Yellow Zone,2.52,1,1.2584609896100056,yellow_tripdata_2025-12.parquet,https://d37ci6vzurychx.cloudfront.net/trip-data/yellow_tripdata_2025-12.parquet,test
yellow,2025-01-09 08:33:46,2025-01-09 08:36:13,2025,1,2025-01,9,8,3,0,morning,test,2.45,0.33,4.4,0.0,0.5,0.0,1.0,2.5,0.0,0.0,10.08,2,2,1,1,1,1,N,1,,,142,142,Manhattan,Lincoln Square East,Yellow Zone,Manhattan,Lincoln Square East,Yellow Zone,1.68,1,0.9858167945227653,yellow_tripdata_2025-01.parquet,https://d37ci6vzurychx.cloudfront.net/trip-data/yellow_tripdata_2025-01.parquet,train
yellow,2024-04-18 18:55:19,2024-04-18 19:27:01,2024,4,2024-04,18,18,3,0,evening,train,31.7,4.24,29.6,2.5,0.5,0.0,1.0,2.5,0.0,,39.1,2,2,1,1,1,1,N,1,,,166,186,Manhattan,Morningside Heights,Boro Zone,Manhattan,Penn Station/Madison Sq West,Yellow Zone,3.0,1,1.3862943611198906,yellow_tripdata_2024-04.parquet,https://d37ci6vzurychx.cloudfront.net/trip-data/yellow_tripdata_2024-04.parquet,train
yellow,2024-05-10 17:05:23,2024-05-10 17:13:44,2024,5,2024-05,10,17,4,0,evening,train,8.35,0.83,9.3,2.5,0.5,0.0,1.0,2.5,0.0,,18.96,2,2,1,1,1,1,N,1,,,249,246,Manhattan,West Village,Yellow Zone,Manhattan,West Chelsea/Hudson Yards,Yellow Zone,3.16,1,1.425515074273172,yellow_tripdata_2024-05.parquet,https://d37ci6vzurychx.cloudfront.net/trip-data/yellow_tripdata_2024-05.parquet,train
yellow,2025-05-16 18:47:12,2025-05-16 18:59:19,2025,5,2025-05,16,18,4,0,evening,test,12.116666666666667,1.98,12.8,2.5,0.5,0.0,1.0,2.5,0.0,0.0,23.16,2,2,2,2,1,1,N,1,,,142,43,Manhattan,Lincoln Square East,Yellow Zone,Manhattan,Central Park,Yellow Zone,3.86,1,1.5810384379124023,yellow_tripdata_2025-05.parquet,https://d37ci6vzurychx.cloudfront.net/trip-data/yellow_tripdata_2025-05.parquet,train
yellow,2025-10-09 12:39:00,2025-10-09 12:46:31,2025,10,2025-10,9,12,3,0,midday,test,7.516666666666667,0.9,8.6,2.5,0.5,0.0,1.0,2.5,0.0,0.0,15.1,1,1,1,1,1,1,N,1,,,142,237,Manhattan,Lincoln Square East,Yellow Zone,Manhattan,Upper East Side South,Yellow Zone,2.5,1,1.252762968495368,yellow_tripdata_2025-10.parquet,https://d37ci6vzurychx.cloudfront.net/trip-data/yellow_tripdata_2025-10.parquet,valid
yellow,2025-09-16 21:39:35,2025-09-16 21:47:23,2025,9,2025-09,16,21,1,0,night,test,7.8,1.65,10.0,1.0,0.5,0.0,1.0,2.5,0.0,0.75,18.9,2,2,1,1,1,1,N,1,,,114,90,Manhattan,Greenwich Village South,Yellow Zone,Manhattan,Flatiron,Yellow Zone,3.15,1,1.423108334242607,yellow_tripdata_2025-09.parquet,https://d37ci6vzurychx.cloudfront.net/trip-data/yellow_tripdata_2025-09.parquet,train
yellow,2024-01-21 14:18:08,2024-01-21 14:57:45,2024,1,2024-01,21,14,6,1,midday,train,39.61666666666667,10.29,49.2,5.0,0.5,6.94,1.0,2.5,1.75,,79.92,2,2,1,1,1,1,N,1,,,70,158,Queens,East Elmhurst,Boro Zone,Manhattan,Meatpacking/West Village West,Yellow Zone,13.03,1,2.6411978941143697,yellow_tripdata_2024-01.parquet,https://d37ci6vzurychx.cloudfront.net/trip-data/yellow_tripdata_2024-01.parquet,train
yellow,2025-12-14 18:48:46,2025-12-14 19:09:32,2025,12,2025-12,14,18,6,1,evening,test,20.766666666666666,3.29,21.9,0.0,0.5,0.0,1.0,2.5,0.0,0.75,29.65,2,2,3,3,1,1,N,1,,,50,125,Manhattan,Clinton West,Yellow Zone,Manhattan,Hudson Sq,Yellow Zone,3.0,1,1.3862943611198906,yellow_tripdata_2025-12.parquet,https://d37ci6vzurychx.cloudfront.net/trip-data/yellow_tripdata_2025-12.parquet,test
yellow,2024-01-17 12:00:53,2024-01-17 12:05:17,2024,1,2024-01,17,12,2,0,midday,train,4.4,0.8,6.5,2.5,0.5,0.0,1.0,2.5,0.0,,11.75,1,1,1,1,1,1,N,1,,,263,236,Manhattan,Yorkville West,Yellow Zone,Manhattan,Upper East Side North,Yellow Zone,1.25,1,0.8109302162163288,yellow_tripdata_2024-01.parquet,https://d37ci6vzurychx.cloudfront.net/trip-data/yellow_tripdata_2024-01.parquet,train
yellow,2025-11-19 19:48:35,2025-11-19 20:09:48,2025,11,2025-11,19,19,2,0,evening,test,21.216666666666665,2.92,20.5,2.5,0.5,0.0,1.0,2.5,0.0,0.75,33.3,2,2,1,1,1,1,N,1,,,142,263,Manhattan,Lincoln Square East,Yellow Zone,Manhattan,Yorkville West,Yellow Zone,5.55,1,1.8794650496471605,yellow_tripdata_2025-11.parquet,https://d37ci6vzurychx.cloudfront.net/trip-data/yellow_tripdata_2025-11.parquet,test
yellow,2025-09-14 14:31:47,2025-09-14 15:21:10,2025,9,2025-09,14,14,6,1,midday,test,49.38333333333333,16.75,70.0,0.0,0.5,0.0,1.0,2.5,0.0,0.75,89.7,2,2,1,1,2,2,N,1,,,141,132,Manhattan,Lenox Hill West,Yellow Zone,Queens,JFK Airport,Airports,14.95,1,2.7694588292308535,yellow_tripdata_2025-09.parquet,https://d37ci6vzurychx.cloudfront.net/trip-data/yellow_tripdata_2025-09.parquet,train
yellow,2025-04-29 08:29:13,2025-04-29 08:34:10,2025,4,2025-04,29,8,1,0,morning,test,4.95,0.9,7.2,3.25,0.5,0.0,1.0,2.5,0.0,0.75,14.35,1,1,1,1,1,1,N,1,,,143,50,Manhattan,Lincoln Square West,Yellow Zone,Manhattan,Clinton West,Yellow Zone,2.4,1,1.2237754316221157,yellow_tripdata_2025-04.parquet,https://d37ci6vzurychx.cloudfront.net/trip-data/yellow_tripdata_2025-04.parquet,train
yellow,2024-06-23 02:51:11,2024-06-23 03:07:18,2024,6,2024-06,23,2,6,1,night,train,16.116666666666667,4.85,21.9,1.0,0.5,0.0,1.0,2.5,0.0,,32.28,2,2,4,4,1,1,N,1,,,249,262,Manhattan,West Village,Yellow Zone,Manhattan,Yorkville East,Yellow Zone,5.38,1,1.8531680973566984,yellow_tripdata_2024-06.parquet,https://d37ci6vzurychx.cloudfront.net/trip-data/yellow_tripdata_2024-06.parquet,train
yellow,2024-06-08 15:09:45,2024-06-08 15:14:04,2024,6,2024-06,8,15,5,1,midday,train,4.316666666666666,0.92,6.5,0.0,0.5,0.0,1.0,2.5,0.0,,11.5,2,2,2,2,1,1,N,1,,,163,237,Manhattan,Midtown North,Yellow Zone,Manhattan,Upper East Side South,Yellow Zone,1.0,1,0.6931471805599453,yellow_tripdata_2024-06.parquet,https://d37ci6vzurychx.cloudfront.net/trip-data/yellow_tripdata_2024-06.parquet,train
yellow,2025-07-23 13:47:30,2025-07-23 14:22:39,2025,7,2025-07,23,13,2,0,midday,test,35.15,5.38,33.8,0.0,0.5,0.0,1.0,2.5,0.0,0.75,42.55,2,2,1,1,1,1,N,1,,,161,97,Manhattan,Midtown Center,Yellow Zone,Brooklyn,Fort Greene,Boro Zone,4.0,1,1.6094379124341003,yellow_tripdata_2025-07.parquet,https://d37ci6vzurychx.cloudfront.net/trip-data/yellow_tripdata_2025-07.parquet,train
yellow,2025-07-09 15:14:18,2025-07-09 15:41:17,2025,7,2025-07,9,15,2,0,midday,test,26.983333333333334,3.31,25.4,0.0,0.5,0.0,1.0,2.5,0.0,0.75,36.18,2,2,6,6+,1,1,N,1,,,236,107,Manhattan,Upper East Side North,Yellow Zone,Manhattan,Gramercy,Yellow Zone,6.03,1,1.9501867058225735,yellow_tripdata_2025-07.parquet,https://d37ci6vzurychx.cloudfront.net/trip-data/yellow_tripdata_2025-07.parquet,train
yellow,2024-02-28 21:06:29,2024-02-28 21:11:40,2024,2,2024-02,28,21,2,0,night,train,5.183333333333334,0.79,6.5,1.0,0.5,0.0,1.0,2.5,0.0,,13.8,2,2,1,1,1,1,N,1,,,50,48,Manhattan,Clinton West,Yellow Zone,Manhattan,Clinton East,Yellow Zone,2.3,1,1.1939224684724346,yellow_tripdata_2024-02.parquet,https://d37ci6vzurychx.cloudfront.net/trip-data/yellow_tripdata_2024-02.parquet,train
yellow,2025-12-07 22:38:15,2025-12-07 23:14:19,2025,12,2025-12,7,22,6,1,night,test,36.06666666666667,15.3,59.0,7.75,0.5,0.0,1.0,0.0,1.75,0.0,81.9,1,1,1,1,1,1,N,1,,,138,89,Queens,LaGuardia Airport,Airports,Brooklyn,Flatbush/Ditmas Park,Boro Zone,13.65,1,2.6844403354630764,yellow_tripdata_2025-12.parquet,https://d37ci6vzurychx.cloudfront.net/trip-data/yellow_tripdata_2025-12.parquet,test
yellow,2024-04-15 21:34:20,2024-04-15 21:48:00,2024,4,2024-04,15,21,0,0,night,train,13.666666666666666,8.79,34.5,6.0,0.5,0.0,1.0,0.0,1.75,,49.75,2,2,2,2,1,1,N,1,,,138,256,Queens,LaGuardia Airport,Airports,Brooklyn,Williamsburg (South Side),Boro Zone,6.0,1,1.9459101490553132,yellow_tripdata_2024-04.parquet,https://d37ci6vzurychx.cloudfront.net/trip-data/yellow_tripdata_2024-04.parquet,train
yellow,2025-06-26 15:24:24,2025-06-26 15:53:40,2025,6,2025-06,26,15,3,0,midday,test,29.266666666666666,2.3,19.5,0.0,0.5,0.0,0.0,0.0,0.0,0.0,20.0,1,1,1,1,99,99,N,1,,,41,167,Manhattan,Central Harlem,Boro Zone,Bronx,Morrisania/Melrose,Boro Zone,0.0,0,0.0,yellow_tripdata_2025-06.parquet,https://d37ci6vzurychx.cloudfront.net/trip-data/yellow_tripdata_2025-06.parquet,train
yellow,2025-03-21 10:08:29,2025-03-21 10:13:41,2025,3,2025-03,21,10,4,0,morning,test,5.2,0.93,7.2,0.0,0.5,0.0,1.0,2.5,0.0,0.75,14.34,2,2,1,1,1,1,N,1,,,143,163,Manhattan,Lincoln Square West,Yellow Zone,Manhattan,Midtown North,Yellow Zone,2.39,1,1.220829921392359,yellow_tripdata_2025-03.parquet,https://d37ci6vzurychx.cloudfront.net/trip-data/yellow_tripdata_2025-03.parquet,train
yellow,2024-03-03 18:30:26,2024-03-03 19:12:16,2024,3,2024-03,3,18,6,1,evening,train,41.833333333333336,16.7,70.0,4.25,0.5,6.94,1.0,2.5,1.75,,107.49,1,1,1,1,2,2,N,1,,,132,233,Queens,JFK Airport,Airports,Manhattan,UN/Turtle Bay South,Yellow Zone,24.8,1,3.250374491927572,yellow_tripdata_2024-03.parquet,https://d37ci6vzurychx.cloudfront.net/trip-data/yellow_tripdata_2024-03.parquet,train
yellow,2025-08-14 09:47:10,2025-08-14 10:01:27,2025,8,2025-08,14,9,3,0,morning,test,14.283333333333333,2.08,14.9,0.0,0.5,0.0,1.0,2.5,0.0,0.75,24.56,2,2,1,1,1,1,N,1,,,211,68,Manhattan,SoHo,Yellow Zone,Manhattan,East Chelsea,Yellow Zone,4.91,1,1.776645831418007,yellow_tripdata_2025-08.parquet,https://d37ci6vzurychx.cloudfront.net/trip-data/yellow_tripdata_2025-08.parquet,train
yellow,2025-12-19 17:01:49,2025-12-19 17:05:20,2025,12,2025-12,19,17,4,0,evening,test,3.5166666666666666,0.44,5.1,2.5,0.5,0.0,1.0,2.5,0.0,0.0,12.76,2,2,1,1,1,1,N,1,,,141,262,Manhattan,Lenox Hill West,Yellow Zone,Manhattan,Yorkville East,Yellow Zone,1.16,1,0.7701082216960736,yellow_tripdata_2025-12.parquet,https://d37ci6vzurychx.cloudfront.net/trip-data/yellow_tripdata_2025-12.parquet,test
yellow,2025-11-08 21:44:50,2025-11-08 21:54:46,2025,11,2025-11,8,21,5,1,night,test,9.933333333333334,0.99,10.0,1.0,0.5,0.0,1.0,2.5,0.0,0.75,18.9,2,2,1,1,1,1,N,1,,,211,158,Manhattan,SoHo,Yellow Zone,Manhattan,Meatpacking/West Village West,Yellow Zone,3.15,1,1.423108334242607,yellow_tripdata_2025-11.parquet,https://d37ci6vzurychx.cloudfront.net/trip-data/yellow_tripdata_2025-11.parquet,test
yellow,2024-12-04 18:49:57,2024-12-04 19:14:49,2024,12,2024-12,4,18,2,0,evening,valid,24.866666666666667,1.59,21.2,2.5,0.5,0.0,1.0,2.5,0.0,,33.24,2,2,1,1,1,1,N,1,,,162,186,Manhattan,Midtown East,Yellow Zone,Manhattan,Penn Station/Madison Sq West,Yellow Zone,5.54,1,1.8779371654691073,yellow_tripdata_2024-12.parquet,https://d37ci6vzurychx.cloudfront.net/trip-data/yellow_tripdata_2024-12.parquet,test
yellow,2024-03-12 12:28:27,2024-03-12 12:35:20,2024,3,2024-03,12,12,1,0,midday,train,6.883333333333334,0.6,5.8,2.5,0.5,0.0,1.0,2.5,0.0,,12.8,1,1,1,1,1,1,N,1,,,113,234,Manhattan,Greenwich Village North,Yellow Zone,Manhattan,Union Sq,Yellow Zone,3.0,1,1.3862943611198906,yellow_tripdata_2024-03.parquet,https://d37ci6vzurychx.cloudfront.net/trip-data/yellow_tripdata_2024-03.parquet,train
yellow,2024-12-07 13:51:25,2024-12-07 14:07:48,2024,12,2024-12,7,13,5,1,midday,valid,16.383333333333333,1.51,14.9,0.0,0.5,0.0,1.0,2.5,0.0,,22.9,2,2,1,1,1,1,N,1,,,163,230,Manhattan,Midtown North,Yellow Zone,Manhattan,Times Sq/Theatre District,Yellow Zone,4.0,1,1.6094379124341003,yellow_tripdata_2024-12.parquet,https://d37ci6vzurychx.cloudfront.net/trip-data/yellow_tripdata_2024-12.parquet,test
yellow,2024-06-16 09:01:06,2024-06-16 09:24:49,2024,6,2024-06,16,9,6,1,morning,train,23.716666666666665,8.0,37.3,0.0,0.5,0.0,1.0,0.0,0.0,,38.8,1,1,1,1,1,1,N,1,,,226,135,Queens,Sunnyside,Boro Zone,Queens,Kew Gardens Hills,Boro Zone,0.0,0,0.0,yellow_tripdata_2024-06.parquet,https://d37ci6vzurychx.cloudfront.net/trip-data/yellow_tripdata_2024-06.parquet,train
yellow,2024-11-25 08:16:45,2024-11-25 08:18:28,2024,11,2024-11,25,8,0,0,morning,valid,1.7166666666666666,0.3,4.4,2.5,0.5,0.0,1.0,2.5,0.0,,10.9,1,1,1,1,1,1,N,1,,,141,141,Manhattan,Lenox Hill West,Yellow Zone,Manhattan,Lenox Hill West,Yellow Zone,2.5,1,1.252762968495368,yellow_tripdata_2024-11.parquet,https://d37ci6vzurychx.cloudfront.net/trip-data/yellow_tripdata_2024-11.parquet,test
yellow,2024-08-12 09:02:42,2024-08-12 09:17:22,2024,8,2024-08,12,9,0,0,morning,train,14.666666666666666,1.76,14.2,0.0,0.5,0.0,1.0,2.5,0.0,,21.84,2,2,1,1,1,1,N,1,,,186,142,Manhattan,Penn Station/Madison Sq West,Yellow Zone,Manhattan,Lincoln Square East,Yellow Zone,3.64,1,1.534714366238164,yellow_tripdata_2024-08.parquet,https://d37ci6vzurychx.cloudfront.net/trip-data/yellow_tripdata_2024-08.parquet,train
yellow,2024-02-25 17:39:32,2024-02-25 18:03:24,2024,2,2024-02,25,17,6,1,evening,train,23.866666666666667,2.56,21.2,0.0,0.5,0.0,1.0,2.5,0.0,,30.24,2,2,1,1,1,1,N,1,,,186,144,Manhattan,Penn Station/Madison Sq West,Yellow Zone,Manhattan,Little Italy/NoLiTa,Yellow Zone,5.04,1,1.7984040119467235,yellow_tripdata_2024-02.parquet,https://d37ci6vzurychx.cloudfront.net/trip-data/yellow_tripdata_2024-02.parquet,train
yellow,2025-07-04 16:31:51,2025-07-04 16:37:13,2025,7,2025-07,4,16,4,0,evening,test,5.366666666666666,0.97,7.9,0.0,0.5,0.0,1.0,2.5,0.0,0.75,15.18,2,2,4,4,1,1,N,1,,,68,234,Manhattan,East Chelsea,Yellow Zone,Manhattan,Union Sq,Yellow Zone,2.53,1,1.2612978709452054,yellow_tripdata_2025-07.parquet,https://d37ci6vzurychx.cloudfront.net/trip-data/yellow_tripdata_2025-07.parquet,train
yellow,2025-12-08 20:22:44,2025-12-08 20:33:19,2025,12,2025-12,8,20,0,0,evening,test,10.583333333333334,1.62,12.1,1.0,0.5,0.0,1.0,2.5,0.0,0.75,21.42,2,2,1,1,1,1,N,1,,,249,161,Manhattan,West Village,Yellow Zone,Manhattan,Midtown Center,Yellow Zone,3.57,1,1.5195132049061133,yellow_tripdata_2025-12.parquet,https://d37ci6vzurychx.cloudfront.net/trip-data/yellow_tripdata_2025-12.parquet,test
yellow,2025-01-19 13:26:16,2025-01-19 13:36:14,2025,1,2025-01,19,13,6,1,midday,test,9.966666666666667,1.83,12.1,0.0,0.5,0.0,1.0,2.5,0.0,0.75,21.06,2,2,1,1,1,1,N,1,,,107,161,Manhattan,Gramercy,Yellow Zone,Manhattan,Midtown Center,Yellow Zone,4.21,1,1.6505798557652755,yellow_tripdata_2025-01.parquet,https://d37ci6vzurychx.cloudfront.net/trip-data/yellow_tripdata_2025-01.parquet,train
yellow,2024-11-07 17:36:06,2024-11-07 17:41:54,2024,11,2024-11,7,17,3,0,evening,valid,5.8,0.5,6.5,5.0,0.5,0.0,1.0,2.5,0.0,,15.6,1,1,1,1,1,1,N,1,,,141,237,Manhattan,Lenox Hill West,Yellow Zone,Manhattan,Upper East Side South,Yellow Zone,2.6,1,1.2809338454620642,yellow_tripdata_2024-11.parquet,https://d37ci6vzurychx.cloudfront.net/trip-data/yellow_tripdata_2024-11.parquet,test
yellow,2025-07-05 23:48:23,2025-07-06 00:03:25,2025,7,2025-07,5,23,5,1,night,test,15.033333333333333,5.83,26.1,1.0,0.5,0.0,1.0,2.5,0.0,0.75,39.81,2,2,2,2,1,1,N,1,,,148,141,Manhattan,Lower East Side,Yellow Zone,Manhattan,Lenox Hill West,Yellow Zone,7.96,1,2.192770226986839,yellow_tripdata_2025-07.parquet,https://d37ci6vzurychx.cloudfront.net/trip-data/yellow_tripdata_2025-07.parquet,train
yellow,2025-05-18 13:55:18,2025-05-18 14:14:47,2025,5,2025-05,18,13,6,1,midday,test,19.483333333333334,1.6,17.0,0.0,0.5,0.0,1.0,2.5,0.0,0.75,26.1,2,2,1,1,1,1,N,1,,,234,107,Manhattan,Union Sq,Yellow Zone,Manhattan,Gramercy,Yellow Zone,4.35,1,1.6770965609079151,yellow_tripdata_2025-05.parquet,https://d37ci6vzurychx.cloudfront.net/trip-data/yellow_tripdata_2025-05.parquet,train
yellow,2025-01-14 14:49:46,2025-01-14 15:00:02,2025,1,2025-01,14,14,1,0,midday,test,10.266666666666667,1.15,10.7,0.0,0.5,0.0,1.0,2.5,0.0,0.75,18.54,2,2,1,1,1,1,N,1,,,87,144,Manhattan,Financial District North,Yellow Zone,Manhattan,Little Italy/NoLiTa,Yellow Zone,3.09,1,1.4085449700547104,yellow_tripdata_2025-01.parquet,https://d37ci6vzurychx.cloudfront.net/trip-data/yellow_tripdata_2025-01.parquet,train
yellow,2025-12-15 09:57:32,2025-12-15 11:34:56,2025,12,2025-12,15,9,0,0,morning,test,97.4,9.1,39.5,0.0,0.5,0.0,0.0,0.0,0.0,0.0,40.0,1,1,1,1,99,99,N,1,,,135,48,Queens,Kew Gardens Hills,Boro Zone,Manhattan,Clinton East,Yellow Zone,0.0,0,0.0,yellow_tripdata_2025-12.parquet,https://d37ci6vzurychx.cloudfront.net/trip-data/yellow_tripdata_2025-12.parquet,test
yellow,2025-03-08 01:05:23,2025-03-08 01:17:15,2025,3,2025-03,8,1,5,1,night,test,11.866666666666667,2.0,12.1,4.25,0.5,0.0,1.0,2.5,0.0,0.75,22.3,1,1,1,1,1,1,N,1,,,113,246,Manhattan,Greenwich Village North,Yellow Zone,Manhattan,West Chelsea/Hudson Yards,Yellow Zone,4.45,1,1.6956156086751528,yellow_tripdata_2025-03.parquet,https://d37ci6vzurychx.cloudfront.net/trip-data/yellow_tripdata_2025-03.parquet,train
yellow,2024-06-06 14:47:23,2024-06-06 14:53:07,2024,6,2024-06,6,14,3,0,midday,train,5.733333333333333,0.61,7.2,0.0,0.5,0.0,1.0,2.5,0.0,,12.2,2,2,5,5,1,1,N,1,,,230,230,Manhattan,Times Sq/Theatre District,Yellow Zone,Manhattan,Times Sq/Theatre District,Yellow Zone,1.0,1,0.6931471805599453,yellow_tripdata_2024-06.parquet,https://d37ci6vzurychx.cloudfront.net/trip-data/yellow_tripdata_2024-06.parquet,train
yellow,2024-07-30 18:11:57,2024-07-30 18:23:21,2024,7,2024-07,30,18,1,0,evening,train,11.4,1.45,12.1,2.5,0.5,0.0,1.0,2.5,0.0,,20.46,2,2,1,1,1,1,N,1,,,236,43,Manhattan,Upper East Side North,Yellow Zone,Manhattan,Central Park,Yellow Zone,1.86,1,1.0508216248317612,yellow_tripdata_2024-07.parquet,https://d37ci6vzurychx.cloudfront.net/trip-data/yellow_tripdata_2024-07.parquet,train
yellow,2025-01-01 00:48:41,2025-01-01 00:58:44,2025,1,2025-01,1,0,2,0,night,test,10.05,1.11,10.7,1.0,0.5,0.0,1.0,2.5,0.0,0.0,18.84,2,2,1,1,1,1,N,1,,,79,234,Manhattan,East Village,Yellow Zone,Manhattan,Union Sq,Yellow Zone,3.14,1,1.420695787837223,yellow_tripdata_2025-01.parquet,https://d37ci6vzurychx.cloudfront.net/trip-data/yellow_tripdata_2025-01.parquet,train
yellow,2024-11-04 17:39:55,2024-11-04 17:42:38,2024,11,2024-11,4,17,0,0,evening,valid,2.716666666666667,0.48,5.1,2.5,0.5,0.0,1.0,0.0,0.0,,11.38,2,2,1,1,1,1,N,1,,,151,166,Manhattan,Manhattan Valley,Yellow Zone,Manhattan,Morningside Heights,Boro Zone,2.28,1,1.1878434223960523,yellow_tripdata_2024-11.parquet,https://d37ci6vzurychx.cloudfront.net/trip-data/yellow_tripdata_2024-11.parquet,test
yellow,2025-06-02 21:15:26,2025-06-02 21:26:53,2025,6,2025-06,2,21,0,0,night,test,11.45,2.63,14.2,1.0,0.5,0.0,1.0,2.5,0.0,0.75,22.45,2,2,1,1,1,1,N,1,,,107,237,Manhattan,Gramercy,Yellow Zone,Manhattan,Upper East Side South,Yellow Zone,2.5,1,1.252762968495368,yellow_tripdata_2025-06.parquet,https://d37ci6vzurychx.cloudfront.net/trip-data/yellow_tripdata_2025-06.parquet,train
yellow,2024-01-19 17:47:48,2024-01-19 17:55:20,2024,1,2024-01,19,17,4,0,evening,train,7.533333333333333,1.83,11.4,2.5,0.5,0.0,1.0,2.5,0.0,,20.9,2,2,1,1,1,1,N,1,,,140,233,Manhattan,Lenox Hill East,Yellow Zone,Manhattan,UN/Turtle Bay South,Yellow Zone,3.0,1,1.3862943611198906,yellow_tripdata_2024-01.parquet,https://d37ci6vzurychx.cloudfront.net/trip-data/yellow_tripdata_2024-01.parquet,train
yellow,2025-03-03 15:35:10,2025-03-03 15:42:42,2025,3,2025-03,3,15,0,0,midday,test,7.533333333333333,1.08,8.6,0.0,0.5,0.0,1.0,2.5,0.0,0.75,15.35,2,2,1,1,1,1,N,1,,,163,162,Manhattan,Midtown North,Yellow Zone,Manhattan,Midtown East,Yellow Zone,2.0,1,1.0986122886681098,yellow_tripdata_2025-03.parquet,https://d37ci6vzurychx.cloudfront.net/trip-data/yellow_tripdata_2025-03.parquet,train
yellow,2025-09-28 17:22:09,2025-09-28 17:30:36,2025,9,2025-09,28,17,6,1,evening,test,8.45,1.06,9.3,0.0,0.5,0.0,1.0,2.5,0.0,0.0,15.96,2,2,2,2,1,1,N,1,,,263,263,Manhattan,Yorkville West,Yellow Zone,Manhattan,Yorkville West,Yellow Zone,2.66,1,1.297463147413275,yellow_tripdata_2025-09.parquet,https://d37ci6vzurychx.cloudfront.net/trip-data/yellow_tripdata_2025-09.parquet,train
yellow,2024-08-28 17:03:57,2024-08-28 17:17:48,2024,8,2024-08,28,17,2,0,evening,train,13.85,1.37,12.8,2.5,0.5,0.0,1.0,2.5,0.0,,23.16,2,2,1,1,1,1,N,1,,,161,141,Manhattan,Midtown Center,Yellow Zone,Manhattan,Lenox Hill West,Yellow Zone,3.86,1,1.5810384379124023,yellow_tripdata_2024-08.parquet,https://d37ci6vzurychx.cloudfront.net/trip-data/yellow_tripdata_2024-08.parquet,train
yellow,2024-12-11 19:13:56,2024-12-11 19:45:32,2024,12,2024-12,11,19,2,0,evening,valid,31.6,2.02,25.4,2.5,0.5,0.0,1.0,2.5,0.0,,38.28,2,2,1,1,1,1,N,1,,,229,164,Manhattan,Sutton Place/Turtle Bay North,Yellow Zone,Manhattan,Midtown South,Yellow Zone,6.38,1,1.998773638612381,yellow_tripdata_2024-12.parquet,https://d37ci6vzurychx.cloudfront.net/trip-data/yellow_tripdata_2024-12.parquet,test
yellow,2025-09-09 10:05:37,2025-09-09 10:17:28,2025,9,2025-09,9,10,1,0,morning,test,11.85,1.88,13.5,0.0,0.5,0.0,1.0,2.5,0.0,0.75,21.9,2,2,1,1,1,1,N,1,,,140,162,Manhattan,Lenox Hill East,Yellow Zone,Manhattan,Midtown East,Yellow Zone,3.65,1,1.536867219599265,yellow_tripdata_2025-09.parquet,https://d37ci6vzurychx.cloudfront.net/trip-data/yellow_tripdata_2025-09.parquet,train
yellow,2024-05-06 21:04:43,2024-05-06 21:17:09,2024,5,2024-05,6,21,0,0,night,train,12.433333333333334,3.33,16.3,1.0,0.5,0.0,1.0,2.5,0.0,,25.56,2,2,1,1,1,1,N,1,,,107,140,Manhattan,Gramercy,Yellow Zone,Manhattan,Lenox Hill East,Yellow Zone,4.26,1,1.6601310267496185,yellow_tripdata_2024-05.parquet,https://d37ci6vzurychx.cloudfront.net/trip-data/yellow_tripdata_2024-05.parquet,train
yellow,2024-01-20 19:15:19,2024-01-20 19:21:40,2024,1,2024-01,20,19,5,1,evening,train,6.35,1.39,9.3,0.0,0.5,0.0,1.0,2.5,0.0,,15.96,2,2,2,2,1,1,N,1,,,43,161,Manhattan,Central Park,Yellow Zone,Manhattan,Midtown Center,Yellow Zone,2.66,1,1.297463147413275,yellow_tripdata_2024-01.parquet,https://d37ci6vzurychx.cloudfront.net/trip-data/yellow_tripdata_2024-01.parquet,train
yellow,2024-08-20 16:28:22,2024-08-20 16:46:39,2024,8,2024-08,20,16,1,0,evening,train,18.283333333333335,5.52,26.8,2.5,0.5,0.0,1.0,2.5,0.0,,34.3,2,2,3,3,1,1,N,1,,,87,137,Manhattan,Financial District North,Yellow Zone,Manhattan,Kips Bay,Yellow Zone,1.0,1,0.6931471805599453,yellow_tripdata_2024-08.parquet,https://d37ci6vzurychx.cloudfront.net/trip-data/yellow_tripdata_2024-08.parquet,train
yellow,2025-04-26 02:42:49,2025-04-26 02:47:54,2025,4,2025-04,26,2,5,1,night,test,5.083333333333333,0.93,7.2,1.0,0.5,0.0,1.0,2.5,0.0,0.75,13.95,2,2,1,1,1,1,N,1,,,79,79,Manhattan,East Village,Yellow Zone,Manhattan,East Village,Yellow Zone,1.0,1,0.6931471805599453,yellow_tripdata_2025-04.parquet,https://d37ci6vzurychx.cloudfront.net/trip-data/yellow_tripdata_2025-04.parquet,train
yellow,2024-09-06 23:23:46,2024-09-06 23:48:47,2024,9,2024-09,6,23,4,0,night,train,25.016666666666666,6.43,31.7,1.0,0.5,0.0,1.0,2.5,0.0,,44.04,2,2,1,1,1,1,N,1,,,237,87,Manhattan,Upper East Side South,Yellow Zone,Manhattan,Financial District North,Yellow Zone,7.34,1,2.1210632163706555,yellow_tripdata_2024-09.parquet,https://d37ci6vzurychx.cloudfront.net/trip-data/yellow_tripdata_2024-09.parquet,train
yellow,2024-05-18 18:16:47,2024-05-18 18:42:36,2024,5,2024-05,18,18,5,1,evening,train,25.816666666666666,1.6,21.2,2.5,0.5,0.0,1.0,2.5,0.0,,27.7,1,1,1,1,1,1,N,1,,,237,50,Manhattan,Upper East Side South,Yellow Zone,Manhattan,Clinton West,Yellow Zone,2.5,1,1.252762968495368,yellow_tripdata_2024-05.parquet,https://d37ci6vzurychx.cloudfront.net/trip-data/yellow_tripdata_2024-05.parquet,train
yellow,2024-07-01 21:56:40,2024-07-01 22:40:02,2024,7,2024-07,1,21,0,0,night,train,43.36666666666667,19.26,70.0,0.0,0.5,0.0,1.0,2.5,1.75,,87.87,2,2,2,2,2,2,N,1,,,132,125,Queens,JFK Airport,Airports,Manhattan,Hudson Sq,Yellow Zone,12.12,1,2.574137783515943,yellow_tripdata_2024-07.parquet,https://d37ci6vzurychx.cloudfront.net/trip-data/yellow_tripdata_2024-07.parquet,train
yellow,2025-08-10 00:57:28,2025-08-10 01:01:42,2025,8,2025-08,10,0,6,1,night,test,4.233333333333333,0.7,5.8,4.25,0.5,0.0,1.0,2.5,0.0,0.75,14.45,1,1,1,1,1,1,N,1,,,164,234,Manhattan,Midtown South,Yellow Zone,Manhattan,Union Sq,Yellow Zone,2.9,1,1.3609765531356006,yellow_tripdata_2025-08.parquet,https://d37ci6vzurychx.cloudfront.net/trip-data/yellow_tripdata_2025-08.parquet,train
yellow,2025-09-16 15:40:00,2025-09-16 15:42:24,2025,9,2025-09,16,15,1,0,midday,test,2.4,0.48,4.4,0.0,0.5,0.0,1.0,2.5,0.0,0.0,10.92,2,2,1,1,1,1,N,1,,,263,236,Manhattan,Yorkville West,Yellow Zone,Manhattan,Upper East Side North,Yellow Zone,2.52,1,1.2584609896100056,yellow_tripdata_2025-09.parquet,https://d37ci6vzurychx.cloudfront.net/trip-data/yellow_tripdata_2025-09.parquet,train
yellow,2025-07-17 16:43:01,2025-07-17 16:49:24,2025,7,2025-07,17,16,3,0,evening,test,6.383333333333334,0.4,7.2,2.5,0.5,0.0,1.0,2.5,0.0,0.75,17.34,2,2,1,1,1,1,N,1,,,237,163,Manhattan,Upper East Side South,Yellow Zone,Manhattan,Midtown North,Yellow Zone,2.89,1,1.358409157630355,yellow_tripdata_2025-07.parquet,https://d37ci6vzurychx.cloudfront.net/trip-data/yellow_tripdata_2025-07.parquet,train
yellow,2024-10-23 12:27:20,2024-10-23 13:00:30,2024,10,2024-10,23,12,2,0,midday,valid,33.166666666666664,8.63,65.0,5.0,0.0,0.0,1.0,2.5,0.0,,78.5,2,2,1,1,5,5,N,1,,,230,138,Manhattan,Times Sq/Theatre District,Yellow Zone,Queens,LaGuardia Airport,Airports,5.0,1,1.791759469228055,yellow_tripdata_2024-10.parquet,https://d37ci6vzurychx.cloudfront.net/trip-data/yellow_tripdata_2024-10.parquet,valid
yellow,2024-08-21 16:17:28,2024-08-21 16:45:35,2024,8,2024-08,21,16,2,0,evening,train,28.116666666666667,4.5,24.0,5.0,0.5,0.0,1.0,2.5,0.0,,36.6,1,1,1,1,1,1,N,1,,,186,262,Manhattan,Penn Station/Madison Sq West,Yellow Zone,Manhattan,Yorkville East,Yellow Zone,6.1,1,1.9600947840472698,yellow_tripdata_2024-08.parquet,https://d37ci6vzurychx.cloudfront.net/trip-data/yellow_tripdata_2024-08.parquet,train
yellow,2024-07-25 17:56:45,2024-07-25 18:12:15,2024,7,2024-07,25,17,3,0,evening,train,15.5,2.37,15.6,2.5,0.5,0.0,1.0,2.5,0.0,,23.6,2,2,1,1,1,1,N,1,,,230,239,Manhattan,Times Sq/Theatre District,Yellow Zone,Manhattan,Upper West Side South,Yellow Zone,1.5,1,0.9162907318741551,yellow_tripdata_2024-07.parquet,https://d37ci6vzurychx.cloudfront.net/trip-data/yellow_tripdata_2024-07.parquet,train
yellow,2025-11-14 20:06:20,2025-11-14 20:24:15,2025,11,2025-11,14,20,4,0,evening,test,17.916666666666668,0.6,15.6,1.0,0.5,0.0,1.0,2.5,0.0,0.75,25.62,2,2,4,4,1,1,N,1,,,230,161,Manhattan,Times Sq/Theatre District,Yellow Zone,Manhattan,Midtown Center,Yellow Zone,4.27,1,1.6620303625532709,yellow_tripdata_2025-11.parquet,https://d37ci6vzurychx.cloudfront.net/trip-data/yellow_tripdata_2025-11.parquet,test
yellow,2025-11-20 11:40:38,2025-11-20 12:52:27,2025,11,2025-11,20,11,3,0,midday,test,71.81666666666666,13.0,43.5,0.0,0.5,6.94,0.0,0.0,0.0,0.0,50.94,1,1,1,1,99,99,N,1,,,216,100,Queens,South Ozone Park,Boro Zone,Manhattan,Garment District,Yellow Zone,0.0,0,0.0,yellow_tripdata_2025-11.parquet,https://d37ci6vzurychx.cloudfront.net/trip-data/yellow_tripdata_2025-11.parquet,test
yellow,2024-12-12 20:46:00,2024-12-12 21:09:47,2024,12,2024-12,12,20,3,0,evening,valid,23.783333333333335,3.6,21.9,3.5,0.5,0.0,1.0,2.5,0.0,,32.3,1,1,1,1,1,1,N,1,,,234,239,Manhattan,Union Sq,Yellow Zone,Manhattan,Upper West Side South,Yellow Zone,5.4,1,1.8562979903656263,yellow_tripdata_2024-12.parquet,https://d37ci6vzurychx.cloudfront.net/trip-data/yellow_tripdata_2024-12.parquet,test
yellow,2024-10-29 18:19:38,2024-10-29 18:32:47,2024,10,2024-10,29,18,1,0,evening,valid,13.15,1.44,12.1,2.5,0.5,0.0,1.0,2.5,0.0,,20.6,2,2,1,1,1,1,N,1,,,164,162,Manhattan,Midtown South,Yellow Zone,Manhattan,Midtown East,Yellow Zone,2.0,1,1.0986122886681098,yellow_tripdata_2024-10.parquet,https://d37ci6vzurychx.cloudfront.net/trip-data/yellow_tripdata_2024-10.parquet,valid
yellow,2024-09-25 20:34:32,2024-09-25 20:48:11,2024,9,2024-09,25,20,2,0,evening,train,13.65,2.54,15.6,1.0,0.5,0.0,1.0,2.5,0.0,,24.72,2,2,1,1,1,1,N,1,,,230,238,Manhattan,Times Sq/Theatre District,Yellow Zone,Manhattan,Upper West Side North,Yellow Zone,4.12,1,1.6331544390514163,yellow_tripdata_2024-09.parquet,https://d37ci6vzurychx.cloudfront.net/trip-data/yellow_tripdata_2024-09.parquet,train
yellow,2024-06-11 15:40:21,2024-06-11 16:07:25,2024,6,2024-06,11,15,1,0,midday,train,27.066666666666666,4.44,27.5,0.0,0.5,0.0,1.0,2.5,0.0,,37.8,2,2,1,1,1,1,N,1,,,163,231,Manhattan,Midtown North,Yellow Zone,Manhattan,TriBeCa/Civic Center,Yellow Zone,6.3,1,1.9878743481543455,yellow_tripdata_2024-06.parquet,https://d37ci6vzurychx.cloudfront.net/trip-data/yellow_tripdata_2024-06.parquet,train
yellow,2024-08-09 20:33:55,2024-08-09 20:38:27,2024,8,2024-08,9,20,4,0,evening,train,4.533333333333333,0.85,6.5,1.0,0.5,0.0,1.0,2.5,0.0,,12.5,2,2,3,3,1,1,N,1,,,142,48,Manhattan,Lincoln Square East,Yellow Zone,Manhattan,Clinton East,Yellow Zone,1.0,1,0.6931471805599453,yellow_tripdata_2024-08.parquet,https://d37ci6vzurychx.cloudfront.net/trip-data/yellow_tripdata_2024-08.parquet,train
yellow,2025-12-08 18:46:00,2025-12-08 19:01:26,2025,12,2025-12,8,18,0,0,evening,test,15.433333333333334,1.77,14.9,2.5,0.5,0.0,1.0,2.5,0.0,0.75,26.58,2,2,1,1,1,1,N,1,,,234,4,Manhattan,Union Sq,Yellow Zone,Manhattan,Alphabet City,Yellow Zone,4.43,1,1.691939133945844,yellow_tripdata_2025-12.parquet,https://d37ci6vzurychx.cloudfront.net/trip-data/yellow_tripdata_2025-12.parquet,test
yellow,2024-06-04 14:13:41,2024-06-04 14:37:42,2024,6,2024-06,4,14,1,0,midday,train,24.016666666666666,3.8,24.7,2.5,0.5,0.0,1.0,2.5,0.0,,34.4,1,1,1,1,1,1,N,1,,,140,90,Manhattan,Lenox Hill East,Yellow Zone,Manhattan,Flatiron,Yellow Zone,5.7,1,1.9021075263969205,yellow_tripdata_2024-06.parquet,https://d37ci6vzurychx.cloudfront.net/trip-data/yellow_tripdata_2024-06.parquet,train
yellow,2025-10-22 18:38:51,2025-10-22 18:53:40,2025,10,2025-10,22,18,2,0,evening,test,14.816666666666666,0.76,13.5,2.5,0.5,0.0,1.0,2.5,0.0,0.75,24.9,2,2,2,2,1,1,N,1,,,43,237,Manhattan,Central Park,Yellow Zone,Manhattan,Upper East Side South,Yellow Zone,4.15,1,1.6389967146756448,yellow_tripdata_2025-10.parquet,https://d37ci6vzurychx.cloudfront.net/trip-data/yellow_tripdata_2025-10.parquet,valid
yellow,2025-06-16 21:53:17,2025-06-16 21:57:43,2025,6,2025-06,16,21,0,0,night,test,4.433333333333334,0.89,6.5,1.0,0.5,0.0,1.0,2.5,0.0,0.75,14.7,2,2,1,1,1,1,N,1,,,162,237,Manhattan,Midtown East,Yellow Zone,Manhattan,Upper East Side South,Yellow Zone,2.45,1,1.2383742310432684,yellow_tripdata_2025-06.parquet,https://d37ci6vzurychx.cloudfront.net/trip-data/yellow_tripdata_2025-06.parquet,train
yellow,2025-12-23 16:20:38,2025-12-23 16:36:13,2025,12,2025-12,23,16,1,0,evening,test,15.583333333333334,2.4,14.9,5.0,0.5,0.0,1.0,2.5,0.0,0.0,25.7,1,1,3,3,1,1,N,1,,,237,74,Manhattan,Upper East Side South,Yellow Zone,Manhattan,East Harlem North,Boro Zone,4.3,1,1.667706820558076,yellow_tripdata_2025-12.parquet,https://d37ci6vzurychx.cloudfront.net/trip-data/yellow_tripdata_2025-12.parquet,test
yellow,2024-07-25 10:45:00,2024-07-25 10:48:26,2024,7,2024-07,25,10,3,0,morning,train,3.433333333333333,0.4,5.8,2.5,0.5,0.0,1.0,2.5,0.0,,11.75,1,1,1,1,1,1,N,1,,,161,164,Manhattan,Midtown Center,Yellow Zone,Manhattan,Midtown South,Yellow Zone,1.95,1,1.0818051703517284,yellow_tripdata_2024-07.parquet,https://d37ci6vzurychx.cloudfront.net/trip-data/yellow_tripdata_2024-07.parquet,train
yellow,2025-01-12 01:33:05,2025-01-12 01:42:59,2025,1,2025-01,12,1,6,1,night,test,9.9,2.65,13.5,1.0,0.5,0.0,1.0,2.5,0.0,0.75,23.1,2,2,1,1,1,1,N,1,,,158,48,Manhattan,Meatpacking/West Village West,Yellow Zone,Manhattan,Clinton East,Yellow Zone,3.85,1,1.5789787049493917,yellow_tripdata_2025-01.parquet,https://d37ci6vzurychx.cloudfront.net/trip-data/yellow_tripdata_2025-01.parquet,train
yellow,2025-04-26 13:16:47,2025-04-26 13:21:28,2025,4,2025-04,26,13,5,1,midday,test,4.683333333333334,0.6,5.8,3.25,0.5,0.0,1.0,2.5,0.0,0.75,13.2,1,1,1,1,1,1,N,1,,,237,229,Manhattan,Upper East Side South,Yellow Zone,Manhattan,Sutton Place/Turtle Bay North,Yellow Zone,2.65,1,1.2947271675944,yellow_tripdata_2025-04.parquet,https://d37ci6vzurychx.cloudfront.net/trip-data/yellow_tripdata_2025-04.parquet,train
yellow,2024-09-26 23:16:34,2024-09-26 23:36:53,2024,9,2024-09,26,23,3,0,night,train,20.316666666666666,2.05,18.4,1.0,0.5,0.0,1.0,2.5,0.0,,25.4,2,2,1,1,1,1,N,1,,,162,48,Manhattan,Midtown East,Yellow Zone,Manhattan,Clinton East,Yellow Zone,2.0,1,1.0986122886681098,yellow_tripdata_2024-09.parquet,https://d37ci6vzurychx.cloudfront.net/trip-data/yellow_tripdata_2024-09.parquet,train
yellow,2024-11-03 15:50:25,2024-11-03 16:04:44,2024,11,2024-11,3,15,6,1,midday,valid,14.316666666666666,3.4,17.7,0.0,0.5,0.0,1.0,2.5,0.0,,26.04,2,2,1,1,1,1,N,1,,,79,163,Manhattan,East Village,Yellow Zone,Manhattan,Midtown North,Yellow Zone,4.34,1,1.6752256529721035,yellow_tripdata_2024-11.parquet,https://d37ci6vzurychx.cloudfront.net/trip-data/yellow_tripdata_2024-11.parquet,test
yellow,2024-07-10 11:44:04,2024-07-10 12:04:47,2024,7,2024-07,10,11,2,0,midday,train,20.716666666666665,2.54,19.1,0.0,0.5,0.0,1.0,2.5,0.0,,27.72,2,2,1,1,1,1,N,1,,,186,114,Manhattan,Penn Station/Madison Sq West,Yellow Zone,Manhattan,Greenwich Village South,Yellow Zone,4.62,1,1.7263316639055997,yellow_tripdata_2024-07.parquet,https://d37ci6vzurychx.cloudfront.net/trip-data/yellow_tripdata_2024-07.parquet,train
yellow,2025-02-22 14:36:38,2025-02-22 14:52:24,2025,2,2025-02,22,14,5,1,midday,test,15.766666666666667,3.78,19.1,0.0,0.5,0.0,1.0,2.5,0.0,0.75,28.62,2,2,1,1,1,1,N,1,,,141,234,Manhattan,Lenox Hill West,Yellow Zone,Manhattan,Union Sq,Yellow Zone,4.77,1,1.7526720805200082,yellow_tripdata_2025-02.parquet,https://d37ci6vzurychx.cloudfront.net/trip-data/yellow_tripdata_2025-02.parquet,train
yellow,2024-02-10 19:01:28,2024-02-10 19:07:53,2024,2,2024-02,10,19,5,1,evening,train,6.416666666666667,0.94,8.6,0.0,0.5,0.0,1.0,2.5,0.0,,15.75,2,2,1,1,1,1,N,1,,,236,237,Manhattan,Upper East Side North,Yellow Zone,Manhattan,Upper East Side South,Yellow Zone,3.15,1,1.423108334242607,yellow_tripdata_2024-02.parquet,https://d37ci6vzurychx.cloudfront.net/trip-data/yellow_tripdata_2024-02.parquet,train
yellow,2025-12-16 10:02:15,2025-12-16 11:33:07,2025,12,2025-12,16,10,1,0,morning,test,90.86666666666666,21.11,70.0,0.0,0.5,6.94,1.0,2.5,1.75,0.0,92.69,2,2,2,2,2,2,N,1,,,132,239,Queens,JFK Airport,Airports,Manhattan,Upper West Side South,Yellow Zone,10.0,1,2.3978952727983707,yellow_tripdata_2025-12.parquet,https://d37ci6vzurychx.cloudfront.net/trip-data/yellow_tripdata_2025-12.parquet,test
yellow,2025-10-17 23:13:59,2025-10-17 23:17:46,2025,10,2025-10,17,23,4,0,night,test,3.783333333333333,0.7,5.8,4.25,0.5,0.0,1.0,2.5,0.0,0.75,13.85,1,1,1,1,1,1,N,1,,,100,90,Manhattan,Garment District,Yellow Zone,Manhattan,Flatiron,Yellow Zone,2.3,1,1.1939224684724346,yellow_tripdata_2025-10.parquet,https://d37ci6vzurychx.cloudfront.net/trip-data/yellow_tripdata_2025-10.parquet,valid
yellow,2025-09-28 17:14:31,2025-09-28 17:35:55,2025,9,2025-09,28,17,6,1,evening,test,21.4,3.43,21.2,0.0,0.5,0.0,1.0,2.5,0.0,0.75,28.95,2,2,2,2,1,1,N,1,,,237,114,Manhattan,Upper East Side South,Yellow Zone,Manhattan,Greenwich Village South,Yellow Zone,3.0,1,1.3862943611198906,yellow_tripdata_2025-09.parquet,https://d37ci6vzurychx.cloudfront.net/trip-data/yellow_tripdata_2025-09.parquet,train
yellow,2025-01-05 18:41:30,2025-01-05 18:57:01,2025,1,2025-01,5,18,6,1,evening,test,15.516666666666667,1.59,14.9,0.0,0.5,0.0,1.0,2.5,0.0,0.75,20.65,2,2,2,2,1,1,N,1,,,161,50,Manhattan,Midtown Center,Yellow Zone,Manhattan,Clinton West,Yellow Zone,1.0,1,0.6931471805599453,yellow_tripdata_2025-01.parquet,https://d37ci6vzurychx.cloudfront.net/trip-data/yellow_tripdata_2025-01.parquet,train
yellow,2024-04-17 17:43:38,2024-04-17 17:55:57,2024,4,2024-04,17,17,2,0,evening,train,12.316666666666666,1.63,12.8,2.5,0.5,0.0,1.0,2.5,0.0,,23.16,2,2,1,1,1,1,N,1,,,163,246,Manhattan,Midtown North,Yellow Zone,Manhattan,West Chelsea/Hudson Yards,Yellow Zone,3.86,1,1.5810384379124023,yellow_tripdata_2024-04.parquet,https://d37ci6vzurychx.cloudfront.net/trip-data/yellow_tripdata_2024-04.parquet,train
yellow,2024-02-06 13:41:53,2024-02-06 13:51:37,2024,2,2024-02,6,13,1,0,midday,train,9.733333333333333,1.1,10.0,2.5,0.5,0.0,1.0,2.5,0.0,,16.8,1,1,1,1,1,1,N,1,,,161,237,Manhattan,Midtown Center,Yellow Zone,Manhattan,Upper East Side South,Yellow Zone,2.8,1,1.33500106673234,yellow_tripdata_2024-02.parquet,https://d37ci6vzurychx.cloudfront.net/trip-data/yellow_tripdata_2024-02.parquet,train
yellow,2025-06-25 05:59:42,2025-06-25 06:09:43,2025,6,2025-06,25,5,2,0,morning,test,10.016666666666667,1.58,11.4,1.0,0.5,0.0,1.0,2.5,0.0,0.75,19.15,2,2,1,1,1,1,N,1,,,186,233,Manhattan,Penn Station/Madison Sq West,Yellow Zone,Manhattan,UN/Turtle Bay South,Yellow Zone,2.0,1,1.0986122886681098,yellow_tripdata_2025-06.parquet,https://d37ci6vzurychx.cloudfront.net/trip-data/yellow_tripdata_2025-06.parquet,train
yellow,2025-08-21 06:13:26,2025-08-21 06:20:16,2025,8,2025-08,21,6,3,0,morning,test,6.833333333333333,1.83,10.7,0.0,0.5,0.0,1.0,2.5,0.0,0.75,17.45,2,2,1,1,1,1,N,1,,,239,48,Manhattan,Upper West Side South,Yellow Zone,Manhattan,Clinton East,Yellow Zone,2.0,1,1.0986122886681098,yellow_tripdata_2025-08.parquet,https://d37ci6vzurychx.cloudfront.net/trip-data/yellow_tripdata_2025-08.parquet,train
yellow,2024-07-07 19:28:55,2024-07-07 19:34:07,2024,7,2024-07,7,19,6,1,evening,train,5.2,0.6,6.5,2.5,0.5,0.0,1.0,2.5,0.0,,12.6,1,1,1,1,1,1,N,1,,,261,231,Manhattan,World Trade Center,Yellow Zone,Manhattan,TriBeCa/Civic Center,Yellow Zone,2.1,1,1.1314021114911006,yellow_tripdata_2024-07.parquet,https://d37ci6vzurychx.cloudfront.net/trip-data/yellow_tripdata_2024-07.parquet,train
yellow,2025-04-25 17:36:45,2025-04-25 17:46:58,2025,4,2025-04,25,17,4,0,evening,test,10.216666666666667,1.17,10.7,2.5,0.5,0.0,1.0,2.5,0.0,0.75,21.54,2,2,1,1,1,1,N,1,,,148,114,Manhattan,Lower East Side,Yellow Zone,Manhattan,Greenwich Village South,Yellow Zone,3.59,1,1.5238800240724537,yellow_tripdata_2025-04.parquet,https://d37ci6vzurychx.cloudfront.net/trip-data/yellow_tripdata_2025-04.parquet,train
yellow,2025-05-22 07:50:03,2025-05-22 08:32:04,2025,5,2025-05,22,7,3,0,morning,test,42.016666666666666,15.9,64.6,7.5,0.5,6.94,1.0,2.5,0.0,0.0,100.69,1,1,1,1,1,1,N,1,,,142,138,Manhattan,Lincoln Square East,Yellow Zone,Queens,LaGuardia Airport,Airports,20.15,1,3.0516399054922867,yellow_tripdata_2025-05.parquet,https://d37ci6vzurychx.cloudfront.net/trip-data/yellow_tripdata_2025-05.parquet,train
yellow,2024-12-17 09:39:45,2024-12-17 09:51:10,2024,12,2024-12,17,9,1,0,morning,valid,11.416666666666666,1.96,12.8,0.0,0.5,0.0,1.0,2.5,0.0,,21.0,2,2,1,1,1,1,N,1,,,43,237,Manhattan,Central Park,Yellow Zone,Manhattan,Upper East Side South,Yellow Zone,4.2,1,1.6486586255873816,yellow_tripdata_2024-12.parquet,https://d37ci6vzurychx.cloudfront.net/trip-data/yellow_tripdata_2024-12.parquet,test
yellow,2024-02-05 16:10:50,2024-02-05 16:12:59,2024,2,2024-02,5,16,0,0,evening,train,2.15,0.32,4.4,2.5,0.5,0.0,1.0,2.5,0.0,,13.08,2,2,1,1,1,1,N,1,,,142,142,Manhattan,Lincoln Square East,Yellow Zone,Manhattan,Lincoln Square East,Yellow Zone,2.18,1,1.1568811967920856,yellow_tripdata_2024-02.parquet,https://d37ci6vzurychx.cloudfront.net/trip-data/yellow_tripdata_2024-02.parquet,train
yellow,2024-01-27 00:23:40,2024-01-27 00:32:00,2024,1,2024-01,27,0,5,1,night,train,8.333333333333334,1.55,10.0,1.0,0.5,0.0,1.0,2.5,0.0,,19.5,2,2,1,1,1,1,N,1,,,234,163,Manhattan,Union Sq,Yellow Zone,Manhattan,Midtown North,Yellow Zone,4.5,1,1.7047480922384253,yellow_tripdata_2024-01.parquet,https://d37ci6vzurychx.cloudfront.net/trip-data/yellow_tripdata_2024-01.parquet,train
yellow,2025-08-17 11:03:19,2025-08-17 11:20:59,2025,8,2025-08,17,11,6,1,midday,test,17.666666666666668,2.9,18.4,0.0,0.5,0.0,1.0,2.5,0.0,0.75,27.78,2,2,1,1,1,1,N,1,,,186,239,Manhattan,Penn Station/Madison Sq West,Yellow Zone,Manhattan,Upper West Side South,Yellow Zone,4.63,1,1.728109442151599,yellow_tripdata_2025-08.parquet,https://d37ci6vzurychx.cloudfront.net/trip-data/yellow_tripdata_2025-08.parquet,train
yellow,2025-06-18 08:16:43,2025-06-18 08:32:59,2025,6,2025-06,18,8,2,0,morning,test,16.266666666666666,1.59,14.9,0.0,0.5,0.0,1.0,2.5,0.0,0.75,23.58,2,2,1,1,1,1,N,1,,,161,141,Manhattan,Midtown Center,Yellow Zone,Manhattan,Lenox Hill West,Yellow Zone,3.93,1,1.5953389880545987,yellow_tripdata_2025-06.parquet,https://d37ci6vzurychx.cloudfront.net/trip-data/yellow_tripdata_2025-06.parquet,train
yellow,2024-03-07 07:52:26,2024-03-07 08:02:29,2024,3,2024-03,7,7,3,0,morning,train,10.05,2.13,13.5,0.0,0.5,0.0,1.0,2.5,0.0,,21.0,2,2,1,1,1,1,N,1,,,140,162,Manhattan,Lenox Hill East,Yellow Zone,Manhattan,Midtown East,Yellow Zone,3.5,1,1.5040773967762742,yellow_tripdata_2024-03.parquet,https://d37ci6vzurychx.cloudfront.net/trip-data/yellow_tripdata_2024-03.parquet,train
yellow,2025-12-25 13:58:26,2025-12-25 14:01:43,2025,12,2025-12,25,13,3,0,midday,test,3.283333333333333,0.88,6.5,0.0,0.5,0.0,1.0,2.5,0.0,0.75,13.5,2,2,1,1,1,1,N,1,,,79,107,Manhattan,East Village,Yellow Zone,Manhattan,Gramercy,Yellow Zone,2.25,1,1.1786549963416462,yellow_tripdata_2025-12.parquet,https://d37ci6vzurychx.cloudfront.net/trip-data/yellow_tripdata_2025-12.parquet,test
yellow,2025-01-16 19:12:43,2025-01-16 19:19:20,2025,1,2025-01,16,19,3,0,evening,test,6.616666666666666,0.8,7.9,2.5,0.5,0.0,1.0,2.5,0.0,0.0,18.0,2,2,1,1,1,1,N,1,,,237,237,Manhattan,Upper East Side South,Yellow Zone,Manhattan,Upper East Side South,Yellow Zone,3.6,1,1.5260563034950492,yellow_tripdata_2025-01.parquet,https://d37ci6vzurychx.cloudfront.net/trip-data/yellow_tripdata_2025-01.parquet,train
yellow,2025-01-19 10:18:31,2025-01-19 10:25:01,2025,1,2025-01,19,10,6,1,morning,test,6.5,1.22,8.6,0.0,0.5,0.0,1.0,2.5,0.0,0.75,14.35,2,2,1,1,1,1,N,1,,,233,234,Manhattan,UN/Turtle Bay South,Yellow Zone,Manhattan,Union Sq,Yellow Zone,1.0,1,0.6931471805599453,yellow_tripdata_2025-01.parquet,https://d37ci6vzurychx.cloudfront.net/trip-data/yellow_tripdata_2025-01.parquet,train
yellow,2024-06-15 17:12:44,2024-06-15 17:21:26,2024,6,2024-06,15,17,5,1,evening,train,8.7,1.5,9.3,2.5,0.5,0.0,1.0,2.5,0.0,,15.95,1,1,1,1,1,1,N,1,,,144,90,Manhattan,Little Italy/NoLiTa,Yellow Zone,Manhattan,Flatiron,Yellow Zone,2.65,1,1.2947271675944,yellow_tripdata_2024-06.parquet,https://d37ci6vzurychx.cloudfront.net/trip-data/yellow_tripdata_2024-06.parquet,train
yellow,2024-04-06 18:10:55,2024-04-06 18:20:50,2024,4,2024-04,6,18,5,1,evening,train,9.916666666666666,1.48,11.4,0.0,0.5,0.0,1.0,2.5,0.0,,18.48,2,2,2,2,1,1,N,1,,,170,137,Manhattan,Murray Hill,Yellow Zone,Manhattan,Kips Bay,Yellow Zone,3.08,1,1.4060969884160703,yellow_tripdata_2024-04.parquet,https://d37ci6vzurychx.cloudfront.net/trip-data/yellow_tripdata_2024-04.parquet,train
yellow,2024-06-26 23:26:15,2024-06-26 23:33:29,2024,6,2024-06,26,23,2,0,night,train,7.233333333333333,1.34,9.3,1.0,0.5,0.0,1.0,2.5,0.0,,17.16,2,2,1,1,1,1,N,1,,,231,249,Manhattan,TriBeCa/Civic Center,Yellow Zone,Manhattan,West Village,Yellow Zone,2.86,1,1.3506671834767394,yellow_tripdata_2024-06.parquet,https://d37ci6vzurychx.cloudfront.net/trip-data/yellow_tripdata_2024-06.parquet,train
yellow,2025-09-07 17:54:19,2025-09-07 17:58:28,2025,9,2025-09,7,17,6,1,evening,test,4.15,0.75,6.5,0.0,0.5,0.0,1.0,2.5,0.0,0.0,13.12,2,2,1,1,1,1,N,1,,,236,236,Manhattan,Upper East Side North,Yellow Zone,Manhattan,Upper East Side North,Yellow Zone,2.62,1,1.2864740258376797,yellow_tripdata_2025-09.parquet,https://d37ci6vzurychx.cloudfront.net/trip-data/yellow_tripdata_2025-09.parquet,train
yellow,2024-11-22 15:35:40,2024-11-22 15:41:41,2024,11,2024-11,22,15,4,0,midday,valid,6.016666666666667,0.38,7.2,0.0,0.5,0.0,1.0,2.5,0.0,,13.44,2,2,1,1,1,1,N,1,,,239,143,Manhattan,Upper West Side South,Yellow Zone,Manhattan,Lincoln Square West,Yellow Zone,2.24,1,1.1755733298042381,yellow_tripdata_2024-11.parquet,https://d37ci6vzurychx.cloudfront.net/trip-data/yellow_tripdata_2024-11.parquet,test
yellow,2024-06-17 22:58:54,2024-06-17 23:01:21,2024,6,2024-06,17,22,0,0,night,train,2.45,0.71,5.8,1.0,0.5,0.0,1.0,2.5,0.0,,11.8,2,2,1,1,1,1,N,1,,,237,236,Manhattan,Upper East Side South,Yellow Zone,Manhattan,Upper East Side North,Yellow Zone,1.0,1,0.6931471805599453,yellow_tripdata_2024-06.parquet,https://d37ci6vzurychx.cloudfront.net/trip-data/yellow_tripdata_2024-06.parquet,train
yellow,2025-11-21 18:28:02,2025-11-21 18:45:45,2025,11,2025-11,21,18,4,0,evening,test,17.716666666666665,3.05,18.4,2.5,0.5,0.0,1.0,2.5,0.0,0.0,29.88,2,2,1,1,1,1,N,1,,,237,238,Manhattan,Upper East Side South,Yellow Zone,Manhattan,Upper West Side North,Yellow Zone,4.98,1,1.7884205679625405,yellow_tripdata_2025-11.parquet,https://d37ci6vzurychx.cloudfront.net/trip-data/yellow_tripdata_2025-11.parquet,test
yellow,2025-10-20 13:27:06,2025-10-20 14:15:27,2025,10,2025-10,20,13,0,0,midday,test,48.35,20.71,82.1,0.0,0.5,0.0,1.0,0.0,1.75,0.0,97.35,2,2,1,1,1,1,N,1,,,132,181,Queens,JFK Airport,Airports,Brooklyn,Park Slope,Boro Zone,12.0,1,2.5649493574615367,yellow_tripdata_2025-10.parquet,https://d37ci6vzurychx.cloudfront.net/trip-data/yellow_tripdata_2025-10.parquet,valid
yellow,2025-06-09 18:33:29,2025-06-09 19:17:04,2025,6,2025-06,9,18,0,0,evening,test,43.583333333333336,19.0,70.0,10.0,0.5,6.94,1.0,2.5,1.75,0.75,88.44,1,1,1,1,2,2,N,1,,,132,142,Queens,JFK Airport,Airports,Manhattan,Lincoln Square East,Yellow Zone,0.0,0,0.0,yellow_tripdata_2025-06.parquet,https://d37ci6vzurychx.cloudfront.net/trip-data/yellow_tripdata_2025-06.parquet,train
yellow,2025-02-26 23:04:47,2025-02-26 23:11:16,2025,2,2025-02,26,23,2,0,night,test,6.483333333333333,1.05,7.9,1.0,0.5,0.0,1.0,2.5,0.0,0.75,16.38,2,2,1,1,1,1,N,1,,,107,234,Manhattan,Gramercy,Yellow Zone,Manhattan,Union Sq,Yellow Zone,2.73,1,1.3164082336557241,yellow_tripdata_2025-02.parquet,https://d37ci6vzurychx.cloudfront.net/trip-data/yellow_tripdata_2025-02.parquet,train
yellow,2025-04-18 15:08:14,2025-04-18 15:19:35,2025,4,2025-04,18,15,4,0,midday,test,11.35,1.1,10.7,3.25,0.5,0.0,1.0,2.5,0.0,0.75,18.55,1,1,1,1,1,1,N,1,,,137,113,Manhattan,Kips Bay,Yellow Zone,Manhattan,Greenwich Village North,Yellow Zone,3.1,1,1.410986973710262,yellow_tripdata_2025-04.parquet,https://d37ci6vzurychx.cloudfront.net/trip-data/yellow_tripdata_2025-04.parquet,train
yellow,2024-11-24 14:54:58,2024-11-24 14:57:44,2024,11,2024-11,24,14,6,1,midday,valid,2.7666666666666666,0.56,5.1,0.0,0.5,0.0,1.0,2.5,0.0,,10.92,2,2,1,1,1,1,N,1,,,141,141,Manhattan,Lenox Hill West,Yellow Zone,Manhattan,Lenox Hill West,Yellow Zone,1.82,1,1.0367368849500223,yellow_tripdata_2024-11.parquet,https://d37ci6vzurychx.cloudfront.net/trip-data/yellow_tripdata_2024-11.parquet,test
yellow,2024-12-06 17:26:08,2024-12-06 17:32:23,2024,12,2024-12,6,17,4,0,evening,valid,6.25,1.1,8.6,2.5,0.5,0.0,1.0,2.5,0.0,,18.12,2,2,1,1,1,1,N,1,,,142,238,Manhattan,Lincoln Square East,Yellow Zone,Manhattan,Upper West Side North,Yellow Zone,3.02,1,1.3912819026309295,yellow_tripdata_2024-12.parquet,https://d37ci6vzurychx.cloudfront.net/trip-data/yellow_tripdata_2024-12.parquet,test
yellow,2025-07-30 15:44:51,2025-07-30 15:54:14,2025,7,2025-07,30,15,2,0,midday,test,9.383333333333333,1.87,12.1,0.0,0.5,0.0,1.0,2.5,0.0,0.75,20.22,2,2,1,1,1,1,N,1,,,236,229,Manhattan,Upper East Side North,Yellow Zone,Manhattan,Sutton Place/Turtle Bay North,Yellow Zone,3.37,1,1.4747630091074988,yellow_tripdata_2025-07.parquet,https://d37ci6vzurychx.cloudfront.net/trip-data/yellow_tripdata_2025-07.parquet,train
yellow,2024-08-02 11:25:09,2024-08-02 11:45:53,2024,8,2024-08,2,11,4,0,midday,train,20.733333333333334,3.38,21.2,0.0,0.5,0.0,1.0,2.5,0.0,,30.24,2,2,1,1,1,1,N,1,,,234,143,Manhattan,Union Sq,Yellow Zone,Manhattan,Lincoln Square West,Yellow Zone,5.04,1,1.7984040119467235,yellow_tripdata_2024-08.parquet,https://d37ci6vzurychx.cloudfront.net/trip-data/yellow_tripdata_2024-08.parquet,train
yellow,2025-11-06 18:18:09,2025-11-06 18:35:43,2025,11,2025-11,6,18,3,0,evening,test,17.566666666666666,1.69,16.3,2.5,0.5,0.0,1.0,2.5,0.0,0.75,25.91,2,2,1,1,1,1,N,1,,,142,161,Manhattan,Lincoln Square East,Yellow Zone,Manhattan,Midtown Center,Yellow Zone,2.36,1,1.2119409739751128,yellow_tripdata_2025-11.parquet,https://d37ci6vzurychx.cloudfront.net/trip-data/yellow_tripdata_2025-11.parquet,test
yellow,2024-12-21 17:00:10,2024-12-21 17:03:39,2024,12,2024-12,21,17,5,1,evening,valid,3.4833333333333334,0.52,5.1,0.0,0.5,0.0,1.0,2.5,0.0,,10.92,2,2,3,3,1,1,N,1,,,233,229,Manhattan,UN/Turtle Bay South,Yellow Zone,Manhattan,Sutton Place/Turtle Bay North,Yellow Zone,1.82,1,1.0367368849500223,yellow_tripdata_2024-12.parquet,https://d37ci6vzurychx.cloudfront.net/trip-data/yellow_tripdata_2024-12.parquet,test
yellow,2025-12-15 14:57:03,2025-12-15 15:24:33,2025,12,2025-12,15,14,0,0,midday,test,27.5,3.04,24.7,0.0,0.5,0.0,1.0,2.5,0.0,0.75,35.34,2,2,2,2,1,1,N,1,,,230,211,Manhattan,Times Sq/Theatre District,Yellow Zone,Manhattan,SoHo,Yellow Zone,5.89,1,1.9300710850255671,yellow_tripdata_2025-12.parquet,https://d37ci6vzurychx.cloudfront.net/trip-data/yellow_tripdata_2025-12.parquet,test
yellow,2024-07-12 16:47:49,2024-07-12 17:00:50,2024,7,2024-07,12,16,4,0,evening,train,13.016666666666667,1.9,13.5,2.5,0.5,0.0,1.0,2.5,0.0,,24.0,2,2,1,1,1,1,N,1,,,161,263,Manhattan,Midtown Center,Yellow Zone,Manhattan,Yorkville West,Yellow Zone,4.0,1,1.6094379124341003,yellow_tripdata_2024-07.parquet,https://d37ci6vzurychx.cloudfront.net/trip-data/yellow_tripdata_2024-07.parquet,train
yellow,2024-02-16 18:56:53,2024-02-16 19:03:42,2024,2,2024-02,16,18,4,0,evening,train,6.816666666666666,0.59,7.9,2.5,0.5,0.0,1.0,2.5,0.0,,17.28,2,2,4,4,1,1,N,1,,,236,263,Manhattan,Upper East Side North,Yellow Zone,Manhattan,Yorkville West,Yellow Zone,2.88,1,1.355835153635182,yellow_tripdata_2024-02.parquet,https://d37ci6vzurychx.cloudfront.net/trip-data/yellow_tripdata_2024-02.parquet,train
yellow,2025-01-31 17:45:47,2025-01-31 18:02:25,2025,1,2025-01,31,17,4,0,evening,test,16.633333333333333,1.92,15.6,2.5,0.5,0.0,1.0,2.5,0.0,0.75,25.85,2,2,1,1,1,1,N,1,,,90,48,Manhattan,Flatiron,Yellow Zone,Manhattan,Clinton East,Yellow Zone,3.0,1,1.3862943611198906,yellow_tripdata_2025-01.parquet,https://d37ci6vzurychx.cloudfront.net/trip-data/yellow_tripdata_2025-01.parquet,train
yellow,2024-07-25 18:20:28,2024-07-25 18:29:53,2024,7,2024-07,25,18,3,0,evening,train,9.416666666666666,1.01,10.0,2.5,0.5,0.0,1.0,2.5,0.0,,16.5,2,2,1,1,1,1,N,1,,,234,249,Manhattan,Union Sq,Yellow Zone,Manhattan,West Village,Yellow Zone,0.0,0,0.0,yellow_tripdata_2024-07.parquet,https://d37ci6vzurychx.cloudfront.net/trip-data/yellow_tripdata_2024-07.parquet,train
yellow,2025-11-13 13:42:21,2025-11-13 14:30:38,2025,11,2025-11,13,13,3,0,midday,test,48.28333333333333,4.8,25.5,0.0,0.5,0.0,0.0,0.0,0.0,0.0,26.0,1,1,1,1,99,99,N,1,,,170,151,Manhattan,Murray Hill,Yellow Zone,Manhattan,Manhattan Valley,Yellow Zone,0.0,0,0.0,yellow_tripdata_2025-11.parquet,https://d37ci6vzurychx.cloudfront.net/trip-data/yellow_tripdata_2025-11.parquet,test
yellow,2024-08-17 12:13:03,2024-08-17 12:19:59,2024,8,2024-08,17,12,5,1,midday,train,6.933333333333334,1.18,8.6,0.0,0.5,0.0,1.0,2.5,0.0,,15.12,2,2,1,1,1,1,N,1,,,43,161,Manhattan,Central Park,Yellow Zone,Manhattan,Midtown Center,Yellow Zone,2.52,1,1.2584609896100056,yellow_tripdata_2024-08.parquet,https://d37ci6vzurychx.cloudfront.net/trip-data/yellow_tripdata_2024-08.parquet,train
yellow,2024-10-18 22:35:07,2024-10-18 22:48:24,2024,10,2024-10,18,22,4,0,night,valid,13.283333333333333,1.04,12.8,1.0,0.5,0.0,1.0,2.5,0.0,,21.36,2,2,2,2,1,1,N,1,,,137,234,Manhattan,Kips Bay,Yellow Zone,Manhattan,Union Sq,Yellow Zone,3.56,1,1.5173226235262949,yellow_tripdata_2024-10.parquet,https://d37ci6vzurychx.cloudfront.net/trip-data/yellow_tripdata_2024-10.parquet,valid
yellow,2025-08-11 12:11:22,2025-08-11 12:17:45,2025,8,2025-08,11,12,0,0,midday,test,6.383333333333334,0.45,7.2,0.0,0.5,0.0,1.0,2.5,0.0,0.75,14.34,2,2,1,1,1,1,N,1,,,164,170,Manhattan,Midtown South,Yellow Zone,Manhattan,Murray Hill,Yellow Zone,2.39,1,1.220829921392359,yellow_tripdata_2025-08.parquet,https://d37ci6vzurychx.cloudfront.net/trip-data/yellow_tripdata_2025-08.parquet,train
yellow,2025-02-27 19:32:43,2025-02-27 19:45:25,2025,2,2025-02,27,19,3,0,evening,test,12.7,1.89,12.8,2.5,0.5,0.0,1.0,2.5,0.0,0.75,24.06,2,2,1,1,1,1,N,1,,,141,137,Manhattan,Lenox Hill West,Yellow Zone,Manhattan,Kips Bay,Yellow Zone,4.01,1,1.6114359150967734,yellow_tripdata_2025-02.parquet,https://d37ci6vzurychx.cloudfront.net/trip-data/yellow_tripdata_2025-02.parquet,train
yellow,2025-09-10 21:46:21,2025-09-10 22:03:04,2025,9,2025-09,10,21,2,0,night,test,16.716666666666665,2.79,17.0,1.0,0.5,0.0,1.0,2.5,0.0,0.75,27.75,2,2,1,1,1,1,N,1,,,231,186,Manhattan,TriBeCa/Civic Center,Yellow Zone,Manhattan,Penn Station/Madison Sq West,Yellow Zone,5.0,1,1.791759469228055,yellow_tripdata_2025-09.parquet,https://d37ci6vzurychx.cloudfront.net/trip-data/yellow_tripdata_2025-09.parquet,train
yellow,2024-08-02 19:12:39,2024-08-02 19:19:36,2024,8,2024-08,2,19,4,0,evening,train,6.95,0.2,7.2,5.0,0.5,0.0,1.0,2.5,0.0,,15.7,1,1,1,1,1,1,N,1,,,230,230,Manhattan,Times Sq/Theatre District,Yellow Zone,Manhattan,Times Sq/Theatre District,Yellow Zone,2.0,1,1.0986122886681098,yellow_tripdata_2024-08.parquet,https://d37ci6vzurychx.cloudfront.net/trip-data/yellow_tripdata_2024-08.parquet,train
yellow,2024-11-06 17:40:39,2024-11-06 18:10:31,2024,11,2024-11,6,17,2,0,evening,valid,29.866666666666667,3.31,25.4,2.5,0.5,0.0,1.0,2.5,0.0,,41.47,2,2,1,1,1,1,N,1,,,237,246,Manhattan,Upper East Side South,Yellow Zone,Manhattan,West Chelsea/Hudson Yards,Yellow Zone,9.57,1,2.3580197998821464,yellow_tripdata_2024-11.parquet,https://d37ci6vzurychx.cloudfront.net/trip-data/yellow_tripdata_2024-11.parquet,test
yellow,2024-02-24 15:03:02,2024-02-24 15:11:08,2024,2,2024-02,24,15,5,1,midday,train,8.1,1.4,8.6,2.5,0.5,0.0,1.0,2.5,0.0,,15.12,1,1,1,1,1,1,N,1,,,140,262,Manhattan,Lenox Hill East,Yellow Zone,Manhattan,Yorkville East,Yellow Zone,2.52,1,1.2584609896100056,yellow_tripdata_2024-02.parquet,https://d37ci6vzurychx.cloudfront.net/trip-data/yellow_tripdata_2024-02.parquet,train
yellow,2025-05-14 18:20:08,2025-05-14 18:31:41,2025,5,2025-05,14,18,2,0,evening,test,11.55,1.07,11.4,2.5,0.5,0.0,1.0,2.5,0.0,0.75,23.31,2,2,3,3,1,1,N,1,,,114,79,Manhattan,Greenwich Village South,Yellow Zone,Manhattan,East Village,Yellow Zone,4.66,1,1.7334238922150915,yellow_tripdata_2025-05.parquet,https://d37ci6vzurychx.cloudfront.net/trip-data/yellow_tripdata_2025-05.parquet,train
yellow,2025-07-01 09:15:07,2025-07-01 09:33:39,2025,7,2025-07,1,9,1,0,morning,test,18.533333333333335,2.7,21.5,0.0,0.5,0.0,0.0,0.0,0.0,0.0,22.0,1,1,1,1,99,99,N,1,,,129,226,Queens,Jackson Heights,Boro Zone,Queens,Sunnyside,Boro Zone,0.0,0,0.0,yellow_tripdata_2025-07.parquet,https://d37ci6vzurychx.cloudfront.net/trip-data/yellow_tripdata_2025-07.parquet,train
yellow,2025-06-08 21:43:55,2025-06-08 21:55:10,2025,6,2025-06,8,21,6,1,night,test,11.25,2.52,14.2,1.0,0.5,0.0,1.0,2.5,0.0,0.75,20.95,2,2,1,1,1,1,N,1,,,186,231,Manhattan,Penn Station/Madison Sq West,Yellow Zone,Manhattan,TriBeCa/Civic Center,Yellow Zone,1.0,1,0.6931471805599453,yellow_tripdata_2025-06.parquet,https://d37ci6vzurychx.cloudfront.net/trip-data/yellow_tripdata_2025-06.parquet,train
yellow,2025-04-20 21:34:22,2025-04-20 21:43:16,2025,4,2025-04,20,21,6,1,night,test,8.9,1.15,10.0,1.0,0.5,0.0,1.0,2.5,0.0,0.75,18.9,2,2,3,3,1,1,N,1,,,88,13,Manhattan,Financial District South,Yellow Zone,Manhattan,Battery Park City,Yellow Zone,3.15,1,1.423108334242607,yellow_tripdata_2025-04.parquet,https://d37ci6vzurychx.cloudfront.net/trip-data/yellow_tripdata_2025-04.parquet,train
yellow,2025-10-10 05:01:12,2025-10-10 05:11:30,2025,10,2025-10,10,5,4,0,morning,test,10.3,1.77,12.1,1.0,0.5,0.0,1.0,2.5,0.0,0.75,21.42,2,2,1,1,1,1,N,1,,,161,246,Manhattan,Midtown Center,Yellow Zone,Manhattan,West Chelsea/Hudson Yards,Yellow Zone,3.57,1,1.5195132049061133,yellow_tripdata_2025-10.parquet,https://d37ci6vzurychx.cloudfront.net/trip-data/yellow_tripdata_2025-10.parquet,valid
yellow,2025-02-02 17:40:15,2025-02-02 17:52:03,2025,2,2025-02,2,17,6,1,evening,test,11.8,2.05,12.8,0.0,0.5,0.0,1.0,2.5,0.0,0.75,21.06,2,2,2,2,1,1,N,1,,,246,163,Manhattan,West Chelsea/Hudson Yards,Yellow Zone,Manhattan,Midtown North,Yellow Zone,3.51,1,1.506297153514587,yellow_tripdata_2025-02.parquet,https://d37ci6vzurychx.cloudfront.net/trip-data/yellow_tripdata_2025-02.parquet,train
yellow,2025-12-09 22:03:45,2025-12-09 22:09:38,2025,12,2025-12,9,22,1,0,night,test,5.883333333333334,1.6,8.6,3.5,0.5,0.0,1.0,2.5,0.0,0.0,15.0,1,1,1,1,1,1,N,1,,,140,263,Manhattan,Lenox Hill East,Yellow Zone,Manhattan,Yorkville West,Yellow Zone,1.4,1,0.8754687373538999,yellow_tripdata_2025-12.parquet,https://d37ci6vzurychx.cloudfront.net/trip-data/yellow_tripdata_2025-12.parquet,test
yellow,2025-05-17 23:23:41,2025-05-17 23:30:23,2025,5,2025-05,17,23,5,1,night,test,6.7,1.22,13.46,1.0,0.5,0.0,1.0,2.5,0.0,0.0,18.46,2,2,1,1,1,1,N,1,,,236,141,Manhattan,Upper East Side North,Yellow Zone,Manhattan,Lenox Hill West,Yellow Zone,0.0,0,0.0,yellow_tripdata_2025-05.parquet,https://d37ci6vzurychx.cloudfront.net/trip-data/yellow_tripdata_2025-05.parquet,train
yellow,2024-03-13 11:45:49,2024-03-13 12:01:33,2024,3,2024-03,13,11,2,0,midday,train,15.733333333333333,2.11,15.6,0.0,0.5,0.0,1.0,2.5,0.0,,23.52,2,2,1,1,1,1,N,1,,,238,230,Manhattan,Upper West Side North,Yellow Zone,Manhattan,Times Sq/Theatre District,Yellow Zone,3.92,1,1.5933085305042167,yellow_tripdata_2024-03.parquet,https://d37ci6vzurychx.cloudfront.net/trip-data/yellow_tripdata_2024-03.parquet,train
yellow,2025-03-11 18:30:51,2025-03-11 18:35:56,2025,3,2025-03,11,18,1,0,evening,test,5.083333333333333,0.67,6.5,2.5,0.5,0.0,1.0,2.5,0.0,0.75,16.5,2,2,1,1,1,1,N,1,,,107,113,Manhattan,Gramercy,Yellow Zone,Manhattan,Greenwich Village North,Yellow Zone,2.75,1,1.3217558399823195,yellow_tripdata_2025-03.parquet,https://d37ci6vzurychx.cloudfront.net/trip-data/yellow_tripdata_2025-03.parquet,train
yellow,2025-10-21 07:38:37,2025-10-21 07:51:01,2025,10,2025-10,21,7,1,0,morning,test,12.4,1.93,13.5,0.0,0.5,0.0,1.0,2.5,0.0,0.75,21.9,2,2,2,2,1,1,N,1,,,141,161,Manhattan,Lenox Hill West,Yellow Zone,Manhattan,Midtown Center,Yellow Zone,3.65,1,1.536867219599265,yellow_tripdata_2025-10.parquet,https://d37ci6vzurychx.cloudfront.net/trip-data/yellow_tripdata_2025-10.parquet,valid
yellow,2025-08-08 20:23:25,2025-08-08 20:26:16,2025,8,2025-08,8,20,4,0,evening,test,2.85,0.42,5.1,2.5,0.5,0.0,1.0,2.5,0.0,0.75,14.82,2,2,1,1,1,1,N,1,,,170,161,Manhattan,Murray Hill,Yellow Zone,Manhattan,Midtown Center,Yellow Zone,2.47,1,1.244154593958768,yellow_tripdata_2025-08.parquet,https://d37ci6vzurychx.cloudfront.net/trip-data/yellow_tripdata_2025-08.parquet,train
yellow,2024-04-06 18:42:21,2024-04-06 18:46:09,2024,4,2024-04,6,18,5,1,evening,train,3.8,0.5,5.1,2.5,0.5,0.0,1.0,2.5,0.0,,11.1,1,1,1,1,1,1,N,1,,,239,239,Manhattan,Upper West Side South,Yellow Zone,Manhattan,Upper West Side South,Yellow Zone,2.0,1,1.0986122886681098,yellow_tripdata_2024-04.parquet,https://d37ci6vzurychx.cloudfront.net/trip-data/yellow_tripdata_2024-04.parquet,train
yellow,2024-09-14 09:39:20,2024-09-14 10:12:07,2024,9,2024-09,14,9,5,1,morning,train,32.78333333333333,9.49,43.6,5.0,0.5,6.94,1.0,2.5,1.75,,70.29,2,2,1,1,1,1,N,1,,,138,68,Queens,LaGuardia Airport,Airports,Manhattan,East Chelsea,Yellow Zone,9.0,1,2.302585092994046,yellow_tripdata_2024-09.parquet,https://d37ci6vzurychx.cloudfront.net/trip-data/yellow_tripdata_2024-09.parquet,train
yellow,2024-11-05 15:33:34,2024-11-05 15:41:19,2024,11,2024-11,5,15,1,0,midday,valid,7.75,0.94,9.3,0.0,0.5,0.0,1.0,2.5,0.0,,15.3,2,2,1,1,1,1,N,1,,,143,238,Manhattan,Lincoln Square West,Yellow Zone,Manhattan,Upper West Side North,Yellow Zone,2.0,1,1.0986122886681098,yellow_tripdata_2024-11.parquet,https://d37ci6vzurychx.cloudfront.net/trip-data/yellow_tripdata_2024-11.parquet,test
yellow,2024-04-04 18:50:32,2024-04-04 19:21:46,2024,4,2024-04,4,18,3,0,evening,train,31.233333333333334,19.03,91.6,2.5,0.0,15.38,1.0,0.0,0.0,,132.58,2,2,1,1,3,3,N,1,,,100,1,Manhattan,Garment District,Yellow Zone,EWR,Newark Airport,EWR,22.1,1,3.139832617527748,yellow_tripdata_2024-04.parquet,https://d37ci6vzurychx.cloudfront.net/trip-data/yellow_tripdata_2024-04.parquet,train
